-- MySQL dump 10.13  Distrib 8.0.23, for Win64 (x86_64)
--
-- Host: localhost    Database: csdl_banhang
-- ------------------------------------------------------
-- Server version	8.0.23

/*!40101 SET @OLD_CHARACTER_SET_CLIENT=@@CHARACTER_SET_CLIENT */;
/*!40101 SET @OLD_CHARACTER_SET_RESULTS=@@CHARACTER_SET_RESULTS */;
/*!40101 SET @OLD_COLLATION_CONNECTION=@@COLLATION_CONNECTION */;
/*!50503 SET NAMES utf8 */;
/*!40103 SET @OLD_TIME_ZONE=@@TIME_ZONE */;
/*!40103 SET TIME_ZONE='+00:00' */;
/*!40014 SET @OLD_UNIQUE_CHECKS=@@UNIQUE_CHECKS, UNIQUE_CHECKS=0 */;
/*!40014 SET @OLD_FOREIGN_KEY_CHECKS=@@FOREIGN_KEY_CHECKS, FOREIGN_KEY_CHECKS=0 */;
/*!40101 SET @OLD_SQL_MODE=@@SQL_MODE, SQL_MODE='NO_AUTO_VALUE_ON_ZERO' */;
/*!40111 SET @OLD_SQL_NOTES=@@SQL_NOTES, SQL_NOTES=0 */;

--
-- Table structure for table `admin`
--

DROP TABLE IF EXISTS `admin`;
/*!40101 SET @saved_cs_client     = @@character_set_client */;
/*!50503 SET character_set_client = utf8mb4 */;
CREATE TABLE `admin` (
  `id` int NOT NULL AUTO_INCREMENT,
  `displayname` varchar(100) NOT NULL,
  `username` varchar(45) NOT NULL,
  `pass` varchar(1000) NOT NULL,
  `level` int NOT NULL DEFAULT '0',
  PRIMARY KEY (`id`)
) ENGINE=InnoDB AUTO_INCREMENT=4 DEFAULT CHARSET=utf8mb4 COLLATE=utf8mb4_0900_ai_ci;
/*!40101 SET character_set_client = @saved_cs_client */;

--
-- Dumping data for table `admin`
--

LOCK TABLES `admin` WRITE;
/*!40000 ALTER TABLE `admin` DISABLE KEYS */;
INSERT INTO `admin` VALUES (1,'Nguyễn Văn Nhơn','admin','123456',1),(2,'Nguyễn Quốc Khánh','khanh','123',0),(3,'Đặng Nhật An','an','123',0);
/*!40000 ALTER TABLE `admin` ENABLE KEYS */;
UNLOCK TABLES;

--
-- Table structure for table `banner`
--

DROP TABLE IF EXISTS `banner`;
/*!40101 SET @saved_cs_client     = @@character_set_client */;
/*!50503 SET character_set_client = utf8mb4 */;
CREATE TABLE `banner` (
  `id` int NOT NULL AUTO_INCREMENT,
  `title` varchar(100) NOT NULL,
  `image` varchar(250) NOT NULL,
  PRIMARY KEY (`id`)
) ENGINE=InnoDB AUTO_INCREMENT=5 DEFAULT CHARSET=utf8mb4 COLLATE=utf8mb4_0900_ai_ci;
/*!40101 SET character_set_client = @saved_cs_client */;

--
-- Dumping data for table `banner`
--

LOCK TABLES `banner` WRITE;
/*!40000 ALTER TABLE `banner` DISABLE KEYS */;
INSERT INTO `banner` VALUES (3,'Chào mừng bạn đến cửa hàng chúng tôi','a1.jpg'),(4,'Chào mừng bạn đến cửa hàng chúng tôi','shop.jpg');
/*!40000 ALTER TABLE `banner` ENABLE KEYS */;
UNLOCK TABLES;

--
-- Table structure for table `category`
--

DROP TABLE IF EXISTS `category`;
/*!40101 SET @saved_cs_client     = @@character_set_client */;
/*!50503 SET character_set_client = utf8mb4 */;
CREATE TABLE `category` (
  `id` int NOT NULL AUTO_INCREMENT,
  `categoryname` varchar(250) NOT NULL,
  `images` varchar(100) NOT NULL,
  PRIMARY KEY (`id`)
) ENGINE=InnoDB AUTO_INCREMENT=9 DEFAULT CHARSET=utf8mb4 COLLATE=utf8mb4_0900_ai_ci;
/*!40101 SET character_set_client = @saved_cs_client */;

--
-- Dumping data for table `category`
--

LOCK TABLES `category` WRITE;
/*!40000 ALTER TABLE `category` DISABLE KEYS */;
INSERT INTO `category` VALUES (5,'T-Shirt','4.png'),(6,'Quần','12.jpg'),(7,'Hoodie','3.png');
/*!40000 ALTER TABLE `category` ENABLE KEYS */;
UNLOCK TABLES;

--
-- Table structure for table `code`
--

DROP TABLE IF EXISTS `code`;
/*!40101 SET @saved_cs_client     = @@character_set_client */;
/*!50503 SET character_set_client = utf8mb4 */;
CREATE TABLE `code` (
  `id` int NOT NULL AUTO_INCREMENT,
  `code` varchar(45) NOT NULL,
  `name` varchar(100) NOT NULL,
  `discount` double NOT NULL,
  `id_order` int NOT NULL,
  `start_date` date NOT NULL,
  `end_date` date NOT NULL,
  PRIMARY KEY (`id`),
  KEY `id_order` (`id_order`),
  CONSTRAINT `code_ibfk_1` FOREIGN KEY (`id_order`) REFERENCES `order` (`id`)
) ENGINE=InnoDB DEFAULT CHARSET=utf8mb4 COLLATE=utf8mb4_0900_ai_ci;
/*!40101 SET character_set_client = @saved_cs_client */;

--
-- Dumping data for table `code`
--

LOCK TABLES `code` WRITE;
/*!40000 ALTER TABLE `code` DISABLE KEYS */;
/*!40000 ALTER TABLE `code` ENABLE KEYS */;
UNLOCK TABLES;

--
-- Table structure for table `comment`
--

DROP TABLE IF EXISTS `comment`;
/*!40101 SET @saved_cs_client     = @@character_set_client */;
/*!50503 SET character_set_client = utf8mb4 */;
CREATE TABLE `comment` (
  `id` int NOT NULL AUTO_INCREMENT,
  `content` varchar(1000) NOT NULL,
  `datesub` date NOT NULL,
  `id_user` int NOT NULL,
  `status` int NOT NULL,
  PRIMARY KEY (`id`),
  KEY `id_user` (`id_user`),
  CONSTRAINT `comment_ibfk_1` FOREIGN KEY (`id_user`) REFERENCES `user` (`id`)
) ENGINE=InnoDB DEFAULT CHARSET=utf8mb4 COLLATE=utf8mb4_0900_ai_ci;
/*!40101 SET character_set_client = @saved_cs_client */;

--
-- Dumping data for table `comment`
--

LOCK TABLES `comment` WRITE;
/*!40000 ALTER TABLE `comment` DISABLE KEYS */;
/*!40000 ALTER TABLE `comment` ENABLE KEYS */;
UNLOCK TABLES;

--
-- Table structure for table `contact`
--

DROP TABLE IF EXISTS `contact`;
/*!40101 SET @saved_cs_client     = @@character_set_client */;
/*!50503 SET character_set_client = utf8mb4 */;
CREATE TABLE `contact` (
  `id` int NOT NULL AUTO_INCREMENT,
  `name` varchar(100) NOT NULL,
  `phone` varchar(45) NOT NULL,
  `email` varchar(100) NOT NULL,
  `content` varchar(1000) NOT NULL,
  PRIMARY KEY (`id`)
) ENGINE=InnoDB AUTO_INCREMENT=2 DEFAULT CHARSET=utf8mb4 COLLATE=utf8mb4_0900_ai_ci;
/*!40101 SET character_set_client = @saved_cs_client */;

--
-- Dumping data for table `contact`
--

LOCK TABLES `contact` WRITE;
/*!40000 ALTER TABLE `contact` DISABLE KEYS */;
INSERT INTO `contact` VALUES (1,'Nguyễn Văn Nhơn','0367757427','SiroBank999@gmail.com','Shop vip vãi luôn');
/*!40000 ALTER TABLE `contact` ENABLE KEYS */;
UNLOCK TABLES;

--
-- Table structure for table `news`
--

DROP TABLE IF EXISTS `news`;
/*!40101 SET @saved_cs_client     = @@character_set_client */;
/*!50503 SET character_set_client = utf8mb4 */;
CREATE TABLE `news` (
  `id` int NOT NULL AUTO_INCREMENT,
  `title` varchar(250) NOT NULL,
  `describe` varchar(250) NOT NULL,
  `image` varchar(250) NOT NULL,
  `content` varchar(1000) NOT NULL,
  `id_admin` int NOT NULL,
  `type` varchar(100) NOT NULL,
  PRIMARY KEY (`id`),
  KEY `id_admin` (`id_admin`),
  CONSTRAINT `news_ibfk_1` FOREIGN KEY (`id_admin`) REFERENCES `admin` (`id`)
) ENGINE=InnoDB DEFAULT CHARSET=utf8mb4 COLLATE=utf8mb4_0900_ai_ci;
/*!40101 SET character_set_client = @saved_cs_client */;

--
-- Dumping data for table `news`
--

LOCK TABLES `news` WRITE;
/*!40000 ALTER TABLE `news` DISABLE KEYS */;
/*!40000 ALTER TABLE `news` ENABLE KEYS */;
UNLOCK TABLES;

--
-- Table structure for table `order`
--

DROP TABLE IF EXISTS `order`;
/*!40101 SET @saved_cs_client     = @@character_set_client */;
/*!50503 SET character_set_client = utf8mb4 */;
CREATE TABLE `order` (
  `id` int NOT NULL AUTO_INCREMENT,
  `fullname` varchar(250) NOT NULL,
  `phone` varchar(45) NOT NULL,
  `email` varchar(250) NOT NULL,
  `address` varchar(250) NOT NULL,
  `status` varchar(100) NOT NULL,
  `into` double NOT NULL,
  `id_user` int DEFAULT NULL,
  PRIMARY KEY (`id`),
  KEY `id_user` (`id_user`)
) ENGINE=InnoDB DEFAULT CHARSET=utf8mb4 COLLATE=utf8mb4_0900_ai_ci;
/*!40101 SET character_set_client = @saved_cs_client */;

--
-- Dumping data for table `order`
--

LOCK TABLES `order` WRITE;
/*!40000 ALTER TABLE `order` DISABLE KEYS */;
/*!40000 ALTER TABLE `order` ENABLE KEYS */;
UNLOCK TABLES;

--
-- Table structure for table `order_detail`
--

DROP TABLE IF EXISTS `order_detail`;
/*!40101 SET @saved_cs_client     = @@character_set_client */;
/*!50503 SET character_set_client = utf8mb4 */;
CREATE TABLE `order_detail` (
  `id` int NOT NULL AUTO_INCREMENT,
  `amount` int NOT NULL,
  `price` double NOT NULL,
  `status` int NOT NULL,
  `id_order` int NOT NULL,
  `id_product` int NOT NULL,
  PRIMARY KEY (`id`),
  KEY `id_order` (`id_order`),
  KEY `id_product` (`id_product`),
  CONSTRAINT `order_detail_ibfk_1` FOREIGN KEY (`id_order`) REFERENCES `order` (`id`),
  CONSTRAINT `order_detail_ibfk_2` FOREIGN KEY (`id_product`) REFERENCES `product` (`id`)
) ENGINE=InnoDB DEFAULT CHARSET=utf8mb4 COLLATE=utf8mb4_0900_ai_ci;
/*!40101 SET character_set_client = @saved_cs_client */;

--
-- Dumping data for table `order_detail`
--

LOCK TABLES `order_detail` WRITE;
/*!40000 ALTER TABLE `order_detail` DISABLE KEYS */;
/*!40000 ALTER TABLE `order_detail` ENABLE KEYS */;
UNLOCK TABLES;

--
-- Table structure for table `product`
--

DROP TABLE IF EXISTS `product`;
/*!40101 SET @saved_cs_client     = @@character_set_client */;
/*!50503 SET character_set_client = utf8mb4 */;
CREATE TABLE `product` (
  `id` int NOT NULL AUTO_INCREMENT,
  `productname` varchar(250) NOT NULL,
  `price` double NOT NULL,
  `sale` double NOT NULL DEFAULT '0',
  `image` varchar(250) DEFAULT 'product.png',
  `des` varchar(3000) NOT NULL DEFAULT 'Không có dữ liệu',
  `statusp` varchar(100) NOT NULL,
  `viewer` varchar(45) NOT NULL,
  `id_category` int NOT NULL,
  PRIMARY KEY (`id`),
  KEY `id_category` (`id_category`),
  CONSTRAINT `product_ibfk_1` FOREIGN KEY (`id_category`) REFERENCES `category` (`id`)
) ENGINE=InnoDB AUTO_INCREMENT=68 DEFAULT CHARSET=utf8mb4 COLLATE=utf8mb4_0900_ai_ci;
/*!40101 SET character_set_client = @saved_cs_client */;

--
-- Dumping data for table `product`
--

LOCK TABLES `product` WRITE;
/*!40000 ALTER TABLE `product` DISABLE KEYS */;
INSERT INTO `product` VALUES (41,'CHEERS TO THE FAILING',220000,200000,'product.png','Đây là một trong những phong cách có nhiều sự ảnh hưởng đặc biệt là giới trẻ. Với các gam màu tiêu biểu xám, trắng và đen kèm theo thiết kế có phần bụi bặm đã giúp cho phong cách này có chỗ đứng nhất định trong làng thời trang cũng như có sức ảnh hưởng nhất định với việc ra đời của các thương hiệu thời trang nổi tiếng, và M3NS Shop là một trong những thương hiệu đó.\r\n\r\n\r\nĐược thành lập và chính thức đi vào hoạt động từ năm 2021, với các sản phẩm hướng tới các khách hàng trẻ có độ tuổi từ 14-30, có phong cách năng động, cá tính. Thương hiệu này không chỉ phát triển các sản phẩm quần áo mà còn chú trọng vào nhiều phụ kiện đi kèm như quần áo, backpack, nón…\r\n\r\nKhi mới ra mắt, M3NS Shop gây ấn tượng bởi phong cách streetwear đơn giản và phóng khoáng. Các tín đồ thời trang có thể tự do thể hiện cá tính và tạo nên xu hướng mới. Vẻ \"ngầu\" tự nhiên cùng điểm nhấn trong phong cách streetwear đã giúp cho MENS Shop chiếm được tình cảm của nhiều người, đặc biệt là các bạn trẻ.\r\n\r\nCác thiết kế tại M3NS Shop đều có tính ứng dụng cao, dễ dàng mix&match nhưng không vì thế mà trở nên nhạt nhòa, luôn có những chi tiết artwork đầy chất \"nghệ\" để bạn trông thật nổi bật, cá tính ở bất cứ nơi đâu. Và đây cũng là cách để làm nên dấu ấn mang tính đặc trưng của M3NS Shop trên thị trường.\r\n\r\nThời trang nói lên cá tính của mỗi người và M3NS Shop cũng không ngoại lệ: \"Khi xây dựng M3NS Shop điều đầu tiên mình nghĩ đến đó chính là khách hàng phải cảm thấy tự tin khi sử dụng sản phẩm thuộc brand của mình. Đó chắc chắn là một điều không thể tách rời. Tính đến thời điểm hiện tại, M3NS Shop là một thương hiệu mà khi khách hàng sử dụng sẽ cảm thấy thoải mái và tự tin với chất lượng sản phẩm, những outfit của M3NS Shop đủ đặc trưng, đủ khác biệt giữa rất nhiều streetwear brand trên thị trường.\" \r\n\r\nĐó là lý do vì sao các item của M3NS Shop được rất nhiều người ưa chuộng với những sáng tạo không ngừng. Những sản phẩm mới sau này với những ứng dụng mới như công nghệ in, chất liệu hiếm, thiết kế độc đáo khi ra mắt đều được các bạn trẻ ủng hộ.\r\n\r\nBên cạnh chất lượng sản phẩm, dịch vụ cũng là một trong những yếu tố quan trọng mà M3NS Shop đặt lên hàng đầu, đội ngũ luôn lắng nghe khách hàng và cố gắng cải thiện mình qua từng ngày, vì hơn ai hết M3NS Shop hiểu rõ chính tình cảm, sự tin tưởng của các bạn là động lực để M3NS Shop phát triển và có chỗ đứng vững chắc như ngày hôm nay.\r\n\r\nTrong tương lai, giữ vững kim chỉ nam từ những ngày đầu thành lập, M3NS Shop sẽ luôn thay đổi mình để phù hợp với thị trường streetwear và cho ra lò những sản phẩm chất lượng cao cùng những thiết kế \"đặc trưng\" với giá cả hợp lý để tất cả các bạn trẻ Việt tự tin diện hàng ngày.','SALE','0',5),(42,'YOUNG SKULL TEE',250000,0,'2.jpg','Đây là một trong những phong cách có nhiều sự ảnh hưởng đặc biệt là giới trẻ. Với các gam màu tiêu biểu xám, trắng và đen kèm theo thiết kế có phần bụi bặm đã giúp cho phong cách này có chỗ đứng nhất định trong làng thời trang cũng như có sức ảnh hưởng nhất định với việc ra đời của các thương hiệu thời trang nổi tiếng, và M3NS Shop là một trong những thương hiệu đó.\r\n\r\n\r\nĐược thành lập và chính thức đi vào hoạt động từ năm 2021, với các sản phẩm hướng tới các khách hàng trẻ có độ tuổi từ 14-30, có phong cách năng động, cá tính. Thương hiệu này không chỉ phát triển các sản phẩm quần áo mà còn chú trọng vào nhiều phụ kiện đi kèm như quần áo, backpack, nón…\r\n\r\nKhi mới ra mắt, M3NS Shop gây ấn tượng bởi phong cách streetwear đơn giản và phóng khoáng. Các tín đồ thời trang có thể tự do thể hiện cá tính và tạo nên xu hướng mới. Vẻ \"ngầu\" tự nhiên cùng điểm nhấn trong phong cách streetwear đã giúp cho MENS Shop chiếm được tình cảm của nhiều người, đặc biệt là các bạn trẻ.\r\n\r\nCác thiết kế tại M3NS Shop đều có tính ứng dụng cao, dễ dàng mix&match nhưng không vì thế mà trở nên nhạt nhòa, luôn có những chi tiết artwork đầy chất \"nghệ\" để bạn trông thật nổi bật, cá tính ở bất cứ nơi đâu. Và đây cũng là cách để làm nên dấu ấn mang tính đặc trưng của M3NS Shop trên thị trường.\r\n\r\nThời trang nói lên cá tính của mỗi người và M3NS Shop cũng không ngoại lệ: \"Khi xây dựng M3NS Shop điều đầu tiên mình nghĩ đến đó chính là khách hàng phải cảm thấy tự tin khi sử dụng sản phẩm thuộc brand của mình. Đó chắc chắn là một điều không thể tách rời. Tính đến thời điểm hiện tại, M3NS Shop là một thương hiệu mà khi khách hàng sử dụng sẽ cảm thấy thoải mái và tự tin với chất lượng sản phẩm, những outfit của M3NS Shop đủ đặc trưng, đủ khác biệt giữa rất nhiều streetwear brand trên thị trường.\" \r\n\r\nĐó là lý do vì sao các item của M3NS Shop được rất nhiều người ưa chuộng với những sáng tạo không ngừng. Những sản phẩm mới sau này với những ứng dụng mới như công nghệ in, chất liệu hiếm, thiết kế độc đáo khi ra mắt đều được các bạn trẻ ủng hộ.\r\n\r\nBên cạnh chất lượng sản phẩm, dịch vụ cũng là một trong những yếu tố quan trọng mà M3NS Shop đặt lên hàng đầu, đội ngũ luôn lắng nghe khách hàng và cố gắng cải thiện mình qua từng ngày, vì hơn ai hết M3NS Shop hiểu rõ chính tình cảm, sự tin tưởng của các bạn là động lực để M3NS Shop phát triển và có chỗ đứng vững chắc như ngày hôm nay.\r\n\r\nTrong tương lai, giữ vững kim chỉ nam từ những ngày đầu thành lập, M3NS Shop sẽ luôn thay đổi mình để phù hợp với thị trường streetwear và cho ra lò những sản phẩm chất lượng cao cùng những thiết kế \"đặc trưng\" với giá cả hợp lý để tất cả các bạn trẻ Việt tự tin diện hàng ngày.','NEW','0',5),(43,'BASIC STRIPED TEE',220000,0,'product.png','Đây là một trong những phong cách có nhiều sự ảnh hưởng đặc biệt là giới trẻ. Với các gam màu tiêu biểu xám, trắng và đen kèm theo thiết kế có phần bụi bặm đã giúp cho phong cách này có chỗ đứng nhất định trong làng thời trang cũng như có sức ảnh hưởng nhất định với việc ra đời của các thương hiệu thời trang nổi tiếng, và M3NS Shop là một trong những thương hiệu đó.\r\n\r\n\r\nĐược thành lập và chính thức đi vào hoạt động từ năm 2021, với các sản phẩm hướng tới các khách hàng trẻ có độ tuổi từ 14-30, có phong cách năng động, cá tính. Thương hiệu này không chỉ phát triển các sản phẩm quần áo mà còn chú trọng vào nhiều phụ kiện đi kèm như quần áo, backpack, nón…\r\n\r\nKhi mới ra mắt, M3NS Shop gây ấn tượng bởi phong cách streetwear đơn giản và phóng khoáng. Các tín đồ thời trang có thể tự do thể hiện cá tính và tạo nên xu hướng mới. Vẻ \"ngầu\" tự nhiên cùng điểm nhấn trong phong cách streetwear đã giúp cho MENS Shop chiếm được tình cảm của nhiều người, đặc biệt là các bạn trẻ.\r\n\r\nCác thiết kế tại M3NS Shop đều có tính ứng dụng cao, dễ dàng mix&match nhưng không vì thế mà trở nên nhạt nhòa, luôn có những chi tiết artwork đầy chất \"nghệ\" để bạn trông thật nổi bật, cá tính ở bất cứ nơi đâu. Và đây cũng là cách để làm nên dấu ấn mang tính đặc trưng của M3NS Shop trên thị trường.\r\n\r\nThời trang nói lên cá tính của mỗi người và M3NS Shop cũng không ngoại lệ: \"Khi xây dựng M3NS Shop điều đầu tiên mình nghĩ đến đó chính là khách hàng phải cảm thấy tự tin khi sử dụng sản phẩm thuộc brand của mình. Đó chắc chắn là một điều không thể tách rời. Tính đến thời điểm hiện tại, M3NS Shop là một thương hiệu mà khi khách hàng sử dụng sẽ cảm thấy thoải mái và tự tin với chất lượng sản phẩm, những outfit của M3NS Shop đủ đặc trưng, đủ khác biệt giữa rất nhiều streetwear brand trên thị trường.\" \r\n\r\nĐó là lý do vì sao các item của M3NS Shop được rất nhiều người ưa chuộng với những sáng tạo không ngừng. Những sản phẩm mới sau này với những ứng dụng mới như công nghệ in, chất liệu hiếm, thiết kế độc đáo khi ra mắt đều được các bạn trẻ ủng hộ.\r\n\r\nBên cạnh chất lượng sản phẩm, dịch vụ cũng là một trong những yếu tố quan trọng mà M3NS Shop đặt lên hàng đầu, đội ngũ luôn lắng nghe khách hàng và cố gắng cải thiện mình qua từng ngày, vì hơn ai hết M3NS Shop hiểu rõ chính tình cảm, sự tin tưởng của các bạn là động lực để M3NS Shop phát triển và có chỗ đứng vững chắc như ngày hôm nay.\r\n\r\nTrong tương lai, giữ vững kim chỉ nam từ những ngày đầu thành lập, M3NS Shop sẽ luôn thay đổi mình để phù hợp với thị trường streetwear và cho ra lò những sản phẩm chất lượng cao cùng những thiết kế \"đặc trưng\" với giá cả hợp lý để tất cả các bạn trẻ Việt tự tin diện hàng ngày.','NEW','0',5),(44,'CULTURE TEE',270000,220000,'4.jpg','Đây là một trong những phong cách có nhiều sự ảnh hưởng đặc biệt là giới trẻ. Với các gam màu tiêu biểu xám, trắng và đen kèm theo thiết kế có phần bụi bặm đã giúp cho phong cách này có chỗ đứng nhất định trong làng thời trang cũng như có sức ảnh hưởng nhất định với việc ra đời của các thương hiệu thời trang nổi tiếng, và M3NS Shop là một trong những thương hiệu đó.\r\n\r\n\r\nĐược thành lập và chính thức đi vào hoạt động từ năm 2021, với các sản phẩm hướng tới các khách hàng trẻ có độ tuổi từ 14-30, có phong cách năng động, cá tính. Thương hiệu này không chỉ phát triển các sản phẩm quần áo mà còn chú trọng vào nhiều phụ kiện đi kèm như quần áo, backpack, nón…\r\n\r\nKhi mới ra mắt, M3NS Shop gây ấn tượng bởi phong cách streetwear đơn giản và phóng khoáng. Các tín đồ thời trang có thể tự do thể hiện cá tính và tạo nên xu hướng mới. Vẻ \"ngầu\" tự nhiên cùng điểm nhấn trong phong cách streetwear đã giúp cho MENS Shop chiếm được tình cảm của nhiều người, đặc biệt là các bạn trẻ.\r\n\r\nCác thiết kế tại M3NS Shop đều có tính ứng dụng cao, dễ dàng mix&match nhưng không vì thế mà trở nên nhạt nhòa, luôn có những chi tiết artwork đầy chất \"nghệ\" để bạn trông thật nổi bật, cá tính ở bất cứ nơi đâu. Và đây cũng là cách để làm nên dấu ấn mang tính đặc trưng của M3NS Shop trên thị trường.\r\n\r\nThời trang nói lên cá tính của mỗi người và M3NS Shop cũng không ngoại lệ: \"Khi xây dựng M3NS Shop điều đầu tiên mình nghĩ đến đó chính là khách hàng phải cảm thấy tự tin khi sử dụng sản phẩm thuộc brand của mình. Đó chắc chắn là một điều không thể tách rời. Tính đến thời điểm hiện tại, M3NS Shop là một thương hiệu mà khi khách hàng sử dụng sẽ cảm thấy thoải mái và tự tin với chất lượng sản phẩm, những outfit của M3NS Shop đủ đặc trưng, đủ khác biệt giữa rất nhiều streetwear brand trên thị trường.\" \r\n\r\nĐó là lý do vì sao các item của M3NS Shop được rất nhiều người ưa chuộng với những sáng tạo không ngừng. Những sản phẩm mới sau này với những ứng dụng mới như công nghệ in, chất liệu hiếm, thiết kế độc đáo khi ra mắt đều được các bạn trẻ ủng hộ.\r\n\r\nBên cạnh chất lượng sản phẩm, dịch vụ cũng là một trong những yếu tố quan trọng mà M3NS Shop đặt lên hàng đầu, đội ngũ luôn lắng nghe khách hàng và cố gắng cải thiện mình qua từng ngày, vì hơn ai hết M3NS Shop hiểu rõ chính tình cảm, sự tin tưởng của các bạn là động lực để M3NS Shop phát triển và có chỗ đứng vững chắc như ngày hôm nay.\r\n\r\nTrong tương lai, giữ vững kim chỉ nam từ những ngày đầu thành lập, M3NS Shop sẽ luôn thay đổi mình để phù hợp với thị trường streetwear và cho ra lò những sản phẩm chất lượng cao cùng những thiết kế \"đặc trưng\" với giá cả hợp lý để tất cả các bạn trẻ Việt tự tin diện hàng ngày.','SALE','0',5),(45,'11:11 T-SHIRT',270000,0,'16.jpg','Đây là một trong những phong cách có nhiều sự ảnh hưởng đặc biệt là giới trẻ. Với các gam màu tiêu biểu xám, trắng và đen kèm theo thiết kế có phần bụi bặm đã giúp cho phong cách này có chỗ đứng nhất định trong làng thời trang cũng như có sức ảnh hưởng nhất định với việc ra đời của các thương hiệu thời trang nổi tiếng, và M3NS Shop là một trong những thương hiệu đó.\r\n\r\n\r\nĐược thành lập và chính thức đi vào hoạt động từ năm 2021, với các sản phẩm hướng tới các khách hàng trẻ có độ tuổi từ 14-30, có phong cách năng động, cá tính. Thương hiệu này không chỉ phát triển các sản phẩm quần áo mà còn chú trọng vào nhiều phụ kiện đi kèm như quần áo, backpack, nón…\r\n\r\nKhi mới ra mắt, M3NS Shop gây ấn tượng bởi phong cách streetwear đơn giản và phóng khoáng. Các tín đồ thời trang có thể tự do thể hiện cá tính và tạo nên xu hướng mới. Vẻ \"ngầu\" tự nhiên cùng điểm nhấn trong phong cách streetwear đã giúp cho MENS Shop chiếm được tình cảm của nhiều người, đặc biệt là các bạn trẻ.\r\n\r\nCác thiết kế tại M3NS Shop đều có tính ứng dụng cao, dễ dàng mix&match nhưng không vì thế mà trở nên nhạt nhòa, luôn có những chi tiết artwork đầy chất \"nghệ\" để bạn trông thật nổi bật, cá tính ở bất cứ nơi đâu. Và đây cũng là cách để làm nên dấu ấn mang tính đặc trưng của M3NS Shop trên thị trường.\r\n\r\nThời trang nói lên cá tính của mỗi người và M3NS Shop cũng không ngoại lệ: \"Khi xây dựng M3NS Shop điều đầu tiên mình nghĩ đến đó chính là khách hàng phải cảm thấy tự tin khi sử dụng sản phẩm thuộc brand của mình. Đó chắc chắn là một điều không thể tách rời. Tính đến thời điểm hiện tại, M3NS Shop là một thương hiệu mà khi khách hàng sử dụng sẽ cảm thấy thoải mái và tự tin với chất lượng sản phẩm, những outfit của M3NS Shop đủ đặc trưng, đủ khác biệt giữa rất nhiều streetwear brand trên thị trường.\" \r\n\r\nĐó là lý do vì sao các item của M3NS Shop được rất nhiều người ưa chuộng với những sáng tạo không ngừng. Những sản phẩm mới sau này với những ứng dụng mới như công nghệ in, chất liệu hiếm, thiết kế độc đáo khi ra mắt đều được các bạn trẻ ủng hộ.\r\n\r\nBên cạnh chất lượng sản phẩm, dịch vụ cũng là một trong những yếu tố quan trọng mà M3NS Shop đặt lên hàng đầu, đội ngũ luôn lắng nghe khách hàng và cố gắng cải thiện mình qua từng ngày, vì hơn ai hết M3NS Shop hiểu rõ chính tình cảm, sự tin tưởng của các bạn là động lực để M3NS Shop phát triển và có chỗ đứng vững chắc như ngày hôm nay.\r\n\r\nTrong tương lai, giữ vững kim chỉ nam từ những ngày đầu thành lập, M3NS Shop sẽ luôn thay đổi mình để phù hợp với thị trường streetwear và cho ra lò những sản phẩm chất lượng cao cùng những thiết kế \"đặc trưng\" với giá cả hợp lý để tất cả các bạn trẻ Việt tự tin diện hàng ngày.','HOT','0',5),(46,'ROBOT TEE',300000,0,'23.jpg','Đây là một trong những phong cách có nhiều sự ảnh hưởng đặc biệt là giới trẻ. Với các gam màu tiêu biểu xám, trắng và đen kèm theo thiết kế có phần bụi bặm đã giúp cho phong cách này có chỗ đứng nhất định trong làng thời trang cũng như có sức ảnh hưởng nhất định với việc ra đời của các thương hiệu thời trang nổi tiếng, và M3NS Shop là một trong những thương hiệu đó.\r\n\r\n\r\nĐược thành lập và chính thức đi vào hoạt động từ năm 2021, với các sản phẩm hướng tới các khách hàng trẻ có độ tuổi từ 14-30, có phong cách năng động, cá tính. Thương hiệu này không chỉ phát triển các sản phẩm quần áo mà còn chú trọng vào nhiều phụ kiện đi kèm như quần áo, backpack, nón…\r\n\r\nKhi mới ra mắt, M3NS Shop gây ấn tượng bởi phong cách streetwear đơn giản và phóng khoáng. Các tín đồ thời trang có thể tự do thể hiện cá tính và tạo nên xu hướng mới. Vẻ \"ngầu\" tự nhiên cùng điểm nhấn trong phong cách streetwear đã giúp cho MENS Shop chiếm được tình cảm của nhiều người, đặc biệt là các bạn trẻ.\r\n\r\nCác thiết kế tại M3NS Shop đều có tính ứng dụng cao, dễ dàng mix&match nhưng không vì thế mà trở nên nhạt nhòa, luôn có những chi tiết artwork đầy chất \"nghệ\" để bạn trông thật nổi bật, cá tính ở bất cứ nơi đâu. Và đây cũng là cách để làm nên dấu ấn mang tính đặc trưng của M3NS Shop trên thị trường.\r\n\r\nThời trang nói lên cá tính của mỗi người và M3NS Shop cũng không ngoại lệ: \"Khi xây dựng M3NS Shop điều đầu tiên mình nghĩ đến đó chính là khách hàng phải cảm thấy tự tin khi sử dụng sản phẩm thuộc brand của mình. Đó chắc chắn là một điều không thể tách rời. Tính đến thời điểm hiện tại, M3NS Shop là một thương hiệu mà khi khách hàng sử dụng sẽ cảm thấy thoải mái và tự tin với chất lượng sản phẩm, những outfit của M3NS Shop đủ đặc trưng, đủ khác biệt giữa rất nhiều streetwear brand trên thị trường.\" \r\n\r\nĐó là lý do vì sao các item của M3NS Shop được rất nhiều người ưa chuộng với những sáng tạo không ngừng. Những sản phẩm mới sau này với những ứng dụng mới như công nghệ in, chất liệu hiếm, thiết kế độc đáo khi ra mắt đều được các bạn trẻ ủng hộ.\r\n\r\nBên cạnh chất lượng sản phẩm, dịch vụ cũng là một trong những yếu tố quan trọng mà M3NS Shop đặt lên hàng đầu, đội ngũ luôn lắng nghe khách hàng và cố gắng cải thiện mình qua từng ngày, vì hơn ai hết M3NS Shop hiểu rõ chính tình cảm, sự tin tưởng của các bạn là động lực để M3NS Shop phát triển và có chỗ đứng vững chắc như ngày hôm nay.\r\n\r\nTrong tương lai, giữ vững kim chỉ nam từ những ngày đầu thành lập, M3NS Shop sẽ luôn thay đổi mình để phù hợp với thị trường streetwear và cho ra lò những sản phẩm chất lượng cao cùng những thiết kế \"đặc trưng\" với giá cả hợp lý để tất cả các bạn trẻ Việt tự tin diện hàng ngày.','HOT','0',5),(47,'YOUNGGREEN T-SHIRT SS/21',250000,0,'24.jpg','Đây là một trong những phong cách có nhiều sự ảnh hưởng đặc biệt là giới trẻ. Với các gam màu tiêu biểu xám, trắng và đen kèm theo thiết kế có phần bụi bặm đã giúp cho phong cách này có chỗ đứng nhất định trong làng thời trang cũng như có sức ảnh hưởng nhất định với việc ra đời của các thương hiệu thời trang nổi tiếng, và M3NS Shop là một trong những thương hiệu đó.\r\n\r\n\r\nĐược thành lập và chính thức đi vào hoạt động từ năm 2021, với các sản phẩm hướng tới các khách hàng trẻ có độ tuổi từ 14-30, có phong cách năng động, cá tính. Thương hiệu này không chỉ phát triển các sản phẩm quần áo mà còn chú trọng vào nhiều phụ kiện đi kèm như quần áo, backpack, nón…\r\n\r\nKhi mới ra mắt, M3NS Shop gây ấn tượng bởi phong cách streetwear đơn giản và phóng khoáng. Các tín đồ thời trang có thể tự do thể hiện cá tính và tạo nên xu hướng mới. Vẻ \"ngầu\" tự nhiên cùng điểm nhấn trong phong cách streetwear đã giúp cho MENS Shop chiếm được tình cảm của nhiều người, đặc biệt là các bạn trẻ.\r\n\r\nCác thiết kế tại M3NS Shop đều có tính ứng dụng cao, dễ dàng mix&match nhưng không vì thế mà trở nên nhạt nhòa, luôn có những chi tiết artwork đầy chất \"nghệ\" để bạn trông thật nổi bật, cá tính ở bất cứ nơi đâu. Và đây cũng là cách để làm nên dấu ấn mang tính đặc trưng của M3NS Shop trên thị trường.\r\n\r\nThời trang nói lên cá tính của mỗi người và M3NS Shop cũng không ngoại lệ: \"Khi xây dựng M3NS Shop điều đầu tiên mình nghĩ đến đó chính là khách hàng phải cảm thấy tự tin khi sử dụng sản phẩm thuộc brand của mình. Đó chắc chắn là một điều không thể tách rời. Tính đến thời điểm hiện tại, M3NS Shop là một thương hiệu mà khi khách hàng sử dụng sẽ cảm thấy thoải mái và tự tin với chất lượng sản phẩm, những outfit của M3NS Shop đủ đặc trưng, đủ khác biệt giữa rất nhiều streetwear brand trên thị trường.\" \r\n\r\nĐó là lý do vì sao các item của M3NS Shop được rất nhiều người ưa chuộng với những sáng tạo không ngừng. Những sản phẩm mới sau này với những ứng dụng mới như công nghệ in, chất liệu hiếm, thiết kế độc đáo khi ra mắt đều được các bạn trẻ ủng hộ.\r\n\r\nBên cạnh chất lượng sản phẩm, dịch vụ cũng là một trong những yếu tố quan trọng mà M3NS Shop đặt lên hàng đầu, đội ngũ luôn lắng nghe khách hàng và cố gắng cải thiện mình qua từng ngày, vì hơn ai hết M3NS Shop hiểu rõ chính tình cảm, sự tin tưởng của các bạn là động lực để M3NS Shop phát triển và có chỗ đứng vững chắc như ngày hôm nay.\r\n\r\nTrong tương lai, giữ vững kim chỉ nam từ những ngày đầu thành lập, M3NS Shop sẽ luôn thay đổi mình để phù hợp với thị trường streetwear và cho ra lò những sản phẩm chất lượng cao cùng những thiết kế \"đặc trưng\" với giá cả hợp lý để tất cả các bạn trẻ Việt tự tin diện hàng ngày.','NEW','0',5),(48,'EMPTY',400000,370000,'25.jpg','Đây là một trong những phong cách có nhiều sự ảnh hưởng đặc biệt là giới trẻ. Với các gam màu tiêu biểu xám, trắng và đen kèm theo thiết kế có phần bụi bặm đã giúp cho phong cách này có chỗ đứng nhất định trong làng thời trang cũng như có sức ảnh hưởng nhất định với việc ra đời của các thương hiệu thời trang nổi tiếng, và M3NS Shop là một trong những thương hiệu đó.\r\n\r\n\r\nĐược thành lập và chính thức đi vào hoạt động từ năm 2021, với các sản phẩm hướng tới các khách hàng trẻ có độ tuổi từ 14-30, có phong cách năng động, cá tính. Thương hiệu này không chỉ phát triển các sản phẩm quần áo mà còn chú trọng vào nhiều phụ kiện đi kèm như quần áo, backpack, nón…\r\n\r\nKhi mới ra mắt, M3NS Shop gây ấn tượng bởi phong cách streetwear đơn giản và phóng khoáng. Các tín đồ thời trang có thể tự do thể hiện cá tính và tạo nên xu hướng mới. Vẻ \"ngầu\" tự nhiên cùng điểm nhấn trong phong cách streetwear đã giúp cho MENS Shop chiếm được tình cảm của nhiều người, đặc biệt là các bạn trẻ.\r\n\r\nCác thiết kế tại M3NS Shop đều có tính ứng dụng cao, dễ dàng mix&match nhưng không vì thế mà trở nên nhạt nhòa, luôn có những chi tiết artwork đầy chất \"nghệ\" để bạn trông thật nổi bật, cá tính ở bất cứ nơi đâu. Và đây cũng là cách để làm nên dấu ấn mang tính đặc trưng của M3NS Shop trên thị trường.\r\n\r\nThời trang nói lên cá tính của mỗi người và M3NS Shop cũng không ngoại lệ: \"Khi xây dựng M3NS Shop điều đầu tiên mình nghĩ đến đó chính là khách hàng phải cảm thấy tự tin khi sử dụng sản phẩm thuộc brand của mình. Đó chắc chắn là một điều không thể tách rời. Tính đến thời điểm hiện tại, M3NS Shop là một thương hiệu mà khi khách hàng sử dụng sẽ cảm thấy thoải mái và tự tin với chất lượng sản phẩm, những outfit của M3NS Shop đủ đặc trưng, đủ khác biệt giữa rất nhiều streetwear brand trên thị trường.\" \r\n\r\nĐó là lý do vì sao các item của M3NS Shop được rất nhiều người ưa chuộng với những sáng tạo không ngừng. Những sản phẩm mới sau này với những ứng dụng mới như công nghệ in, chất liệu hiếm, thiết kế độc đáo khi ra mắt đều được các bạn trẻ ủng hộ.\r\n\r\nBên cạnh chất lượng sản phẩm, dịch vụ cũng là một trong những yếu tố quan trọng mà M3NS Shop đặt lên hàng đầu, đội ngũ luôn lắng nghe khách hàng và cố gắng cải thiện mình qua từng ngày, vì hơn ai hết M3NS Shop hiểu rõ chính tình cảm, sự tin tưởng của các bạn là động lực để M3NS Shop phát triển và có chỗ đứng vững chắc như ngày hôm nay.\r\n\r\nTrong tương lai, giữ vững kim chỉ nam từ những ngày đầu thành lập, M3NS Shop sẽ luôn thay đổi mình để phù hợp với thị trường streetwear và cho ra lò những sản phẩm chất lượng cao cùng những thiết kế \"đặc trưng\" với giá cả hợp lý để tất cả các bạn trẻ Việt tự tin diện hàng ngày.','SALE','0',5),(49,'VGS 2019 RBG Tee',300000,0,'26.jpg','Đây là một trong những phong cách có nhiều sự ảnh hưởng đặc biệt là giới trẻ. Với các gam màu tiêu biểu xám, trắng và đen kèm theo thiết kế có phần bụi bặm đã giúp cho phong cách này có chỗ đứng nhất định trong làng thời trang cũng như có sức ảnh hưởng nhất định với việc ra đời của các thương hiệu thời trang nổi tiếng, và M3NS Shop là một trong những thương hiệu đó.\r\n\r\n\r\nĐược thành lập và chính thức đi vào hoạt động từ năm 2021, với các sản phẩm hướng tới các khách hàng trẻ có độ tuổi từ 14-30, có phong cách năng động, cá tính. Thương hiệu này không chỉ phát triển các sản phẩm quần áo mà còn chú trọng vào nhiều phụ kiện đi kèm như quần áo, backpack, nón…\r\n\r\nKhi mới ra mắt, M3NS Shop gây ấn tượng bởi phong cách streetwear đơn giản và phóng khoáng. Các tín đồ thời trang có thể tự do thể hiện cá tính và tạo nên xu hướng mới. Vẻ \"ngầu\" tự nhiên cùng điểm nhấn trong phong cách streetwear đã giúp cho MENS Shop chiếm được tình cảm của nhiều người, đặc biệt là các bạn trẻ.\r\n\r\nCác thiết kế tại M3NS Shop đều có tính ứng dụng cao, dễ dàng mix&match nhưng không vì thế mà trở nên nhạt nhòa, luôn có những chi tiết artwork đầy chất \"nghệ\" để bạn trông thật nổi bật, cá tính ở bất cứ nơi đâu. Và đây cũng là cách để làm nên dấu ấn mang tính đặc trưng của M3NS Shop trên thị trường.\r\n\r\nThời trang nói lên cá tính của mỗi người và M3NS Shop cũng không ngoại lệ: \"Khi xây dựng M3NS Shop điều đầu tiên mình nghĩ đến đó chính là khách hàng phải cảm thấy tự tin khi sử dụng sản phẩm thuộc brand của mình. Đó chắc chắn là một điều không thể tách rời. Tính đến thời điểm hiện tại, M3NS Shop là một thương hiệu mà khi khách hàng sử dụng sẽ cảm thấy thoải mái và tự tin với chất lượng sản phẩm, những outfit của M3NS Shop đủ đặc trưng, đủ khác biệt giữa rất nhiều streetwear brand trên thị trường.\" \r\n\r\nĐó là lý do vì sao các item của M3NS Shop được rất nhiều người ưa chuộng với những sáng tạo không ngừng. Những sản phẩm mới sau này với những ứng dụng mới như công nghệ in, chất liệu hiếm, thiết kế độc đáo khi ra mắt đều được các bạn trẻ ủng hộ.\r\n\r\nBên cạnh chất lượng sản phẩm, dịch vụ cũng là một trong những yếu tố quan trọng mà M3NS Shop đặt lên hàng đầu, đội ngũ luôn lắng nghe khách hàng và cố gắng cải thiện mình qua từng ngày, vì hơn ai hết M3NS Shop hiểu rõ chính tình cảm, sự tin tưởng của các bạn là động lực để M3NS Shop phát triển và có chỗ đứng vững chắc như ngày hôm nay.\r\n\r\nTrong tương lai, giữ vững kim chỉ nam từ những ngày đầu thành lập, M3NS Shop sẽ luôn thay đổi mình để phù hợp với thị trường streetwear và cho ra lò những sản phẩm chất lượng cao cùng những thiết kế \"đặc trưng\" với giá cả hợp lý để tất cả các bạn trẻ Việt tự tin diện hàng ngày.','HOT','0',5),(50,'MULTI LOGO TEE',300000,270000,'27.jpg','Đây là một trong những phong cách có nhiều sự ảnh hưởng đặc biệt là giới trẻ. Với các gam màu tiêu biểu xám, trắng và đen kèm theo thiết kế có phần bụi bặm đã giúp cho phong cách này có chỗ đứng nhất định trong làng thời trang cũng như có sức ảnh hưởng nhất định với việc ra đời của các thương hiệu thời trang nổi tiếng, và M3NS Shop là một trong những thương hiệu đó.\r\n\r\n\r\nĐược thành lập và chính thức đi vào hoạt động từ năm 2021, với các sản phẩm hướng tới các khách hàng trẻ có độ tuổi từ 14-30, có phong cách năng động, cá tính. Thương hiệu này không chỉ phát triển các sản phẩm quần áo mà còn chú trọng vào nhiều phụ kiện đi kèm như quần áo, backpack, nón…\r\n\r\nKhi mới ra mắt, M3NS Shop gây ấn tượng bởi phong cách streetwear đơn giản và phóng khoáng. Các tín đồ thời trang có thể tự do thể hiện cá tính và tạo nên xu hướng mới. Vẻ \"ngầu\" tự nhiên cùng điểm nhấn trong phong cách streetwear đã giúp cho MENS Shop chiếm được tình cảm của nhiều người, đặc biệt là các bạn trẻ.\r\n\r\nCác thiết kế tại M3NS Shop đều có tính ứng dụng cao, dễ dàng mix&match nhưng không vì thế mà trở nên nhạt nhòa, luôn có những chi tiết artwork đầy chất \"nghệ\" để bạn trông thật nổi bật, cá tính ở bất cứ nơi đâu. Và đây cũng là cách để làm nên dấu ấn mang tính đặc trưng của M3NS Shop trên thị trường.\r\n\r\nThời trang nói lên cá tính của mỗi người và M3NS Shop cũng không ngoại lệ: \"Khi xây dựng M3NS Shop điều đầu tiên mình nghĩ đến đó chính là khách hàng phải cảm thấy tự tin khi sử dụng sản phẩm thuộc brand của mình. Đó chắc chắn là một điều không thể tách rời. Tính đến thời điểm hiện tại, M3NS Shop là một thương hiệu mà khi khách hàng sử dụng sẽ cảm thấy thoải mái và tự tin với chất lượng sản phẩm, những outfit của M3NS Shop đủ đặc trưng, đủ khác biệt giữa rất nhiều streetwear brand trên thị trường.\" \r\n\r\nĐó là lý do vì sao các item của M3NS Shop được rất nhiều người ưa chuộng với những sáng tạo không ngừng. Những sản phẩm mới sau này với những ứng dụng mới như công nghệ in, chất liệu hiếm, thiết kế độc đáo khi ra mắt đều được các bạn trẻ ủng hộ.\r\n\r\nBên cạnh chất lượng sản phẩm, dịch vụ cũng là một trong những yếu tố quan trọng mà M3NS Shop đặt lên hàng đầu, đội ngũ luôn lắng nghe khách hàng và cố gắng cải thiện mình qua từng ngày, vì hơn ai hết M3NS Shop hiểu rõ chính tình cảm, sự tin tưởng của các bạn là động lực để M3NS Shop phát triển và có chỗ đứng vững chắc như ngày hôm nay.\r\n\r\nTrong tương lai, giữ vững kim chỉ nam từ những ngày đầu thành lập, M3NS Shop sẽ luôn thay đổi mình để phù hợp với thị trường streetwear và cho ra lò những sản phẩm chất lượng cao cùng những thiết kế \"đặc trưng\" với giá cả hợp lý để tất cả các bạn trẻ Việt tự tin diện hàng ngày.','SALE','0',5),(51,'SWEATHOOD YG',250000,220000,'29.jpg','Đây là một trong những phong cách có nhiều sự ảnh hưởng đặc biệt là giới trẻ. Với các gam màu tiêu biểu xám, trắng và đen kèm theo thiết kế có phần bụi bặm đã giúp cho phong cách này có chỗ đứng nhất định trong làng thời trang cũng như có sức ảnh hưởng nhất định với việc ra đời của các thương hiệu thời trang nổi tiếng, và M3NS Shop là một trong những thương hiệu đó.\r\n\r\n\r\nĐược thành lập và chính thức đi vào hoạt động từ năm 2021, với các sản phẩm hướng tới các khách hàng trẻ có độ tuổi từ 14-30, có phong cách năng động, cá tính. Thương hiệu này không chỉ phát triển các sản phẩm quần áo mà còn chú trọng vào nhiều phụ kiện đi kèm như quần áo, backpack, nón…\r\n\r\nKhi mới ra mắt, M3NS Shop gây ấn tượng bởi phong cách streetwear đơn giản và phóng khoáng. Các tín đồ thời trang có thể tự do thể hiện cá tính và tạo nên xu hướng mới. Vẻ \"ngầu\" tự nhiên cùng điểm nhấn trong phong cách streetwear đã giúp cho MENS Shop chiếm được tình cảm của nhiều người, đặc biệt là các bạn trẻ.\r\n\r\nCác thiết kế tại M3NS Shop đều có tính ứng dụng cao, dễ dàng mix&match nhưng không vì thế mà trở nên nhạt nhòa, luôn có những chi tiết artwork đầy chất \"nghệ\" để bạn trông thật nổi bật, cá tính ở bất cứ nơi đâu. Và đây cũng là cách để làm nên dấu ấn mang tính đặc trưng của M3NS Shop trên thị trường.\r\n\r\nThời trang nói lên cá tính của mỗi người và M3NS Shop cũng không ngoại lệ: \"Khi xây dựng M3NS Shop điều đầu tiên mình nghĩ đến đó chính là khách hàng phải cảm thấy tự tin khi sử dụng sản phẩm thuộc brand của mình. Đó chắc chắn là một điều không thể tách rời. Tính đến thời điểm hiện tại, M3NS Shop là một thương hiệu mà khi khách hàng sử dụng sẽ cảm thấy thoải mái và tự tin với chất lượng sản phẩm, những outfit của M3NS Shop đủ đặc trưng, đủ khác biệt giữa rất nhiều streetwear brand trên thị trường.\" \r\n\r\nĐó là lý do vì sao các item của M3NS Shop được rất nhiều người ưa chuộng với những sáng tạo không ngừng. Những sản phẩm mới sau này với những ứng dụng mới như công nghệ in, chất liệu hiếm, thiết kế độc đáo khi ra mắt đều được các bạn trẻ ủng hộ.\r\n\r\nBên cạnh chất lượng sản phẩm, dịch vụ cũng là một trong những yếu tố quan trọng mà M3NS Shop đặt lên hàng đầu, đội ngũ luôn lắng nghe khách hàng và cố gắng cải thiện mình qua từng ngày, vì hơn ai hết M3NS Shop hiểu rõ chính tình cảm, sự tin tưởng của các bạn là động lực để M3NS Shop phát triển và có chỗ đứng vững chắc như ngày hôm nay.\r\n\r\nTrong tương lai, giữ vững kim chỉ nam từ những ngày đầu thành lập, M3NS Shop sẽ luôn thay đổi mình để phù hợp với thị trường streetwear và cho ra lò những sản phẩm chất lượng cao cùng những thiết kế \"đặc trưng\" với giá cả hợp lý để tất cả các bạn trẻ Việt tự tin diện hàng ngày.','SALE','0',7),(52,'ESSENTIALS STRIPES PANTS',350000,320000,'5.jpg','Đây là một trong những phong cách có nhiều sự ảnh hưởng đặc biệt là giới trẻ. Với các gam màu tiêu biểu xám, trắng và đen kèm theo thiết kế có phần bụi bặm đã giúp cho phong cách này có chỗ đứng nhất định trong làng thời trang cũng như có sức ảnh hưởng nhất định với việc ra đời của các thương hiệu thời trang nổi tiếng, và M3NS Shop là một trong những thương hiệu đó.\r\n\r\n\r\nĐược thành lập và chính thức đi vào hoạt động từ năm 2021, với các sản phẩm hướng tới các khách hàng trẻ có độ tuổi từ 14-30, có phong cách năng động, cá tính. Thương hiệu này không chỉ phát triển các sản phẩm quần áo mà còn chú trọng vào nhiều phụ kiện đi kèm như quần áo, backpack, nón…\r\n\r\nKhi mới ra mắt, M3NS Shop gây ấn tượng bởi phong cách streetwear đơn giản và phóng khoáng. Các tín đồ thời trang có thể tự do thể hiện cá tính và tạo nên xu hướng mới. Vẻ \"ngầu\" tự nhiên cùng điểm nhấn trong phong cách streetwear đã giúp cho MENS Shop chiếm được tình cảm của nhiều người, đặc biệt là các bạn trẻ.\r\n\r\nCác thiết kế tại M3NS Shop đều có tính ứng dụng cao, dễ dàng mix&match nhưng không vì thế mà trở nên nhạt nhòa, luôn có những chi tiết artwork đầy chất \"nghệ\" để bạn trông thật nổi bật, cá tính ở bất cứ nơi đâu. Và đây cũng là cách để làm nên dấu ấn mang tính đặc trưng của M3NS Shop trên thị trường.\r\n\r\nThời trang nói lên cá tính của mỗi người và M3NS Shop cũng không ngoại lệ: \"Khi xây dựng M3NS Shop điều đầu tiên mình nghĩ đến đó chính là khách hàng phải cảm thấy tự tin khi sử dụng sản phẩm thuộc brand của mình. Đó chắc chắn là một điều không thể tách rời. Tính đến thời điểm hiện tại, M3NS Shop là một thương hiệu mà khi khách hàng sử dụng sẽ cảm thấy thoải mái và tự tin với chất lượng sản phẩm, những outfit của M3NS Shop đủ đặc trưng, đủ khác biệt giữa rất nhiều streetwear brand trên thị trường.\" \r\n\r\nĐó là lý do vì sao các item của M3NS Shop được rất nhiều người ưa chuộng với những sáng tạo không ngừng. Những sản phẩm mới sau này với những ứng dụng mới như công nghệ in, chất liệu hiếm, thiết kế độc đáo khi ra mắt đều được các bạn trẻ ủng hộ.\r\n\r\nBên cạnh chất lượng sản phẩm, dịch vụ cũng là một trong những yếu tố quan trọng mà M3NS Shop đặt lên hàng đầu, đội ngũ luôn lắng nghe khách hàng và cố gắng cải thiện mình qua từng ngày, vì hơn ai hết M3NS Shop hiểu rõ chính tình cảm, sự tin tưởng của các bạn là động lực để M3NS Shop phát triển và có chỗ đứng vững chắc như ngày hôm nay.\r\n\r\nTrong tương lai, giữ vững kim chỉ nam từ những ngày đầu thành lập, M3NS Shop sẽ luôn thay đổi mình để phù hợp với thị trường streetwear và cho ra lò những sản phẩm chất lượng cao cùng những thiết kế \"đặc trưng\" với giá cả hợp lý để tất cả các bạn trẻ Việt tự tin diện hàng ngày.','SALE','0',6),(53,'DRAWSTRING SHORT',260000,220000,'6.jpg','Đây là một trong những phong cách có nhiều sự ảnh hưởng đặc biệt là giới trẻ. Với các gam màu tiêu biểu xám, trắng và đen kèm theo thiết kế có phần bụi bặm đã giúp cho phong cách này có chỗ đứng nhất định trong làng thời trang cũng như có sức ảnh hưởng nhất định với việc ra đời của các thương hiệu thời trang nổi tiếng, và M3NS Shop là một trong những thương hiệu đó.\r\n\r\n\r\nĐược thành lập và chính thức đi vào hoạt động từ năm 2021, với các sản phẩm hướng tới các khách hàng trẻ có độ tuổi từ 14-30, có phong cách năng động, cá tính. Thương hiệu này không chỉ phát triển các sản phẩm quần áo mà còn chú trọng vào nhiều phụ kiện đi kèm như quần áo, backpack, nón…\r\n\r\nKhi mới ra mắt, M3NS Shop gây ấn tượng bởi phong cách streetwear đơn giản và phóng khoáng. Các tín đồ thời trang có thể tự do thể hiện cá tính và tạo nên xu hướng mới. Vẻ \"ngầu\" tự nhiên cùng điểm nhấn trong phong cách streetwear đã giúp cho MENS Shop chiếm được tình cảm của nhiều người, đặc biệt là các bạn trẻ.\r\n\r\nCác thiết kế tại M3NS Shop đều có tính ứng dụng cao, dễ dàng mix&match nhưng không vì thế mà trở nên nhạt nhòa, luôn có những chi tiết artwork đầy chất \"nghệ\" để bạn trông thật nổi bật, cá tính ở bất cứ nơi đâu. Và đây cũng là cách để làm nên dấu ấn mang tính đặc trưng của M3NS Shop trên thị trường.\r\n\r\nThời trang nói lên cá tính của mỗi người và M3NS Shop cũng không ngoại lệ: \"Khi xây dựng M3NS Shop điều đầu tiên mình nghĩ đến đó chính là khách hàng phải cảm thấy tự tin khi sử dụng sản phẩm thuộc brand của mình. Đó chắc chắn là một điều không thể tách rời. Tính đến thời điểm hiện tại, M3NS Shop là một thương hiệu mà khi khách hàng sử dụng sẽ cảm thấy thoải mái và tự tin với chất lượng sản phẩm, những outfit của M3NS Shop đủ đặc trưng, đủ khác biệt giữa rất nhiều streetwear brand trên thị trường.\" \r\n\r\nĐó là lý do vì sao các item của M3NS Shop được rất nhiều người ưa chuộng với những sáng tạo không ngừng. Những sản phẩm mới sau này với những ứng dụng mới như công nghệ in, chất liệu hiếm, thiết kế độc đáo khi ra mắt đều được các bạn trẻ ủng hộ.\r\n\r\nBên cạnh chất lượng sản phẩm, dịch vụ cũng là một trong những yếu tố quan trọng mà M3NS Shop đặt lên hàng đầu, đội ngũ luôn lắng nghe khách hàng và cố gắng cải thiện mình qua từng ngày, vì hơn ai hết M3NS Shop hiểu rõ chính tình cảm, sự tin tưởng của các bạn là động lực để M3NS Shop phát triển và có chỗ đứng vững chắc như ngày hôm nay.\r\n\r\nTrong tương lai, giữ vững kim chỉ nam từ những ngày đầu thành lập, M3NS Shop sẽ luôn thay đổi mình để phù hợp với thị trường streetwear và cho ra lò những sản phẩm chất lượng cao cùng những thiết kế \"đặc trưng\" với giá cả hợp lý để tất cả các bạn trẻ Việt tự tin diện hàng ngày.','SALE','0',6),(54,'BLANK SHORTS',270000,0,'8.jpg','Đây là một trong những phong cách có nhiều sự ảnh hưởng đặc biệt là giới trẻ. Với các gam màu tiêu biểu xám, trắng và đen kèm theo thiết kế có phần bụi bặm đã giúp cho phong cách này có chỗ đứng nhất định trong làng thời trang cũng như có sức ảnh hưởng nhất định với việc ra đời của các thương hiệu thời trang nổi tiếng, và M3NS Shop là một trong những thương hiệu đó.\r\n\r\n\r\nĐược thành lập và chính thức đi vào hoạt động từ năm 2021, với các sản phẩm hướng tới các khách hàng trẻ có độ tuổi từ 14-30, có phong cách năng động, cá tính. Thương hiệu này không chỉ phát triển các sản phẩm quần áo mà còn chú trọng vào nhiều phụ kiện đi kèm như quần áo, backpack, nón…\r\n\r\nKhi mới ra mắt, M3NS Shop gây ấn tượng bởi phong cách streetwear đơn giản và phóng khoáng. Các tín đồ thời trang có thể tự do thể hiện cá tính và tạo nên xu hướng mới. Vẻ \"ngầu\" tự nhiên cùng điểm nhấn trong phong cách streetwear đã giúp cho MENS Shop chiếm được tình cảm của nhiều người, đặc biệt là các bạn trẻ.\r\n\r\nCác thiết kế tại M3NS Shop đều có tính ứng dụng cao, dễ dàng mix&match nhưng không vì thế mà trở nên nhạt nhòa, luôn có những chi tiết artwork đầy chất \"nghệ\" để bạn trông thật nổi bật, cá tính ở bất cứ nơi đâu. Và đây cũng là cách để làm nên dấu ấn mang tính đặc trưng của M3NS Shop trên thị trường.\r\n\r\nThời trang nói lên cá tính của mỗi người và M3NS Shop cũng không ngoại lệ: \"Khi xây dựng M3NS Shop điều đầu tiên mình nghĩ đến đó chính là khách hàng phải cảm thấy tự tin khi sử dụng sản phẩm thuộc brand của mình. Đó chắc chắn là một điều không thể tách rời. Tính đến thời điểm hiện tại, M3NS Shop là một thương hiệu mà khi khách hàng sử dụng sẽ cảm thấy thoải mái và tự tin với chất lượng sản phẩm, những outfit của M3NS Shop đủ đặc trưng, đủ khác biệt giữa rất nhiều streetwear brand trên thị trường.\" \r\n\r\nĐó là lý do vì sao các item của M3NS Shop được rất nhiều người ưa chuộng với những sáng tạo không ngừng. Những sản phẩm mới sau này với những ứng dụng mới như công nghệ in, chất liệu hiếm, thiết kế độc đáo khi ra mắt đều được các bạn trẻ ủng hộ.\r\n\r\nBên cạnh chất lượng sản phẩm, dịch vụ cũng là một trong những yếu tố quan trọng mà M3NS Shop đặt lên hàng đầu, đội ngũ luôn lắng nghe khách hàng và cố gắng cải thiện mình qua từng ngày, vì hơn ai hết M3NS Shop hiểu rõ chính tình cảm, sự tin tưởng của các bạn là động lực để M3NS Shop phát triển và có chỗ đứng vững chắc như ngày hôm nay.\r\n\r\nTrong tương lai, giữ vững kim chỉ nam từ những ngày đầu thành lập, M3NS Shop sẽ luôn thay đổi mình để phù hợp với thị trường streetwear và cho ra lò những sản phẩm chất lượng cao cùng những thiết kế \"đặc trưng\" với giá cả hợp lý để tất cả các bạn trẻ Việt tự tin diện hàng ngày.','NEW','0',6),(55,'YG NYLON SHORTS',270000,250000,'9.jpg','Đây là một trong những phong cách có nhiều sự ảnh hưởng đặc biệt là giới trẻ. Với các gam màu tiêu biểu xám, trắng và đen kèm theo thiết kế có phần bụi bặm đã giúp cho phong cách này có chỗ đứng nhất định trong làng thời trang cũng như có sức ảnh hưởng nhất định với việc ra đời của các thương hiệu thời trang nổi tiếng, và M3NS Shop là một trong những thương hiệu đó.\r\n\r\n\r\nĐược thành lập và chính thức đi vào hoạt động từ năm 2021, với các sản phẩm hướng tới các khách hàng trẻ có độ tuổi từ 14-30, có phong cách năng động, cá tính. Thương hiệu này không chỉ phát triển các sản phẩm quần áo mà còn chú trọng vào nhiều phụ kiện đi kèm như quần áo, backpack, nón…\r\n\r\nKhi mới ra mắt, M3NS Shop gây ấn tượng bởi phong cách streetwear đơn giản và phóng khoáng. Các tín đồ thời trang có thể tự do thể hiện cá tính và tạo nên xu hướng mới. Vẻ \"ngầu\" tự nhiên cùng điểm nhấn trong phong cách streetwear đã giúp cho MENS Shop chiếm được tình cảm của nhiều người, đặc biệt là các bạn trẻ.\r\n\r\nCác thiết kế tại M3NS Shop đều có tính ứng dụng cao, dễ dàng mix&match nhưng không vì thế mà trở nên nhạt nhòa, luôn có những chi tiết artwork đầy chất \"nghệ\" để bạn trông thật nổi bật, cá tính ở bất cứ nơi đâu. Và đây cũng là cách để làm nên dấu ấn mang tính đặc trưng của M3NS Shop trên thị trường.\r\n\r\nThời trang nói lên cá tính của mỗi người và M3NS Shop cũng không ngoại lệ: \"Khi xây dựng M3NS Shop điều đầu tiên mình nghĩ đến đó chính là khách hàng phải cảm thấy tự tin khi sử dụng sản phẩm thuộc brand của mình. Đó chắc chắn là một điều không thể tách rời. Tính đến thời điểm hiện tại, M3NS Shop là một thương hiệu mà khi khách hàng sử dụng sẽ cảm thấy thoải mái và tự tin với chất lượng sản phẩm, những outfit của M3NS Shop đủ đặc trưng, đủ khác biệt giữa rất nhiều streetwear brand trên thị trường.\" \r\n\r\nĐó là lý do vì sao các item của M3NS Shop được rất nhiều người ưa chuộng với những sáng tạo không ngừng. Những sản phẩm mới sau này với những ứng dụng mới như công nghệ in, chất liệu hiếm, thiết kế độc đáo khi ra mắt đều được các bạn trẻ ủng hộ.\r\n\r\nBên cạnh chất lượng sản phẩm, dịch vụ cũng là một trong những yếu tố quan trọng mà M3NS Shop đặt lên hàng đầu, đội ngũ luôn lắng nghe khách hàng và cố gắng cải thiện mình qua từng ngày, vì hơn ai hết M3NS Shop hiểu rõ chính tình cảm, sự tin tưởng của các bạn là động lực để M3NS Shop phát triển và có chỗ đứng vững chắc như ngày hôm nay.\r\n\r\nTrong tương lai, giữ vững kim chỉ nam từ những ngày đầu thành lập, M3NS Shop sẽ luôn thay đổi mình để phù hợp với thị trường streetwear và cho ra lò những sản phẩm chất lượng cao cùng những thiết kế \"đặc trưng\" với giá cả hợp lý để tất cả các bạn trẻ Việt tự tin diện hàng ngày.','SALE','0',6),(56,'CARGO SHORT',300000,0,'11.jpg','Đây là một trong những phong cách có nhiều sự ảnh hưởng đặc biệt là giới trẻ. Với các gam màu tiêu biểu xám, trắng và đen kèm theo thiết kế có phần bụi bặm đã giúp cho phong cách này có chỗ đứng nhất định trong làng thời trang cũng như có sức ảnh hưởng nhất định với việc ra đời của các thương hiệu thời trang nổi tiếng, và M3NS Shop là một trong những thương hiệu đó.\r\n\r\n\r\nĐược thành lập và chính thức đi vào hoạt động từ năm 2021, với các sản phẩm hướng tới các khách hàng trẻ có độ tuổi từ 14-30, có phong cách năng động, cá tính. Thương hiệu này không chỉ phát triển các sản phẩm quần áo mà còn chú trọng vào nhiều phụ kiện đi kèm như quần áo, backpack, nón…\r\n\r\nKhi mới ra mắt, M3NS Shop gây ấn tượng bởi phong cách streetwear đơn giản và phóng khoáng. Các tín đồ thời trang có thể tự do thể hiện cá tính và tạo nên xu hướng mới. Vẻ \"ngầu\" tự nhiên cùng điểm nhấn trong phong cách streetwear đã giúp cho MENS Shop chiếm được tình cảm của nhiều người, đặc biệt là các bạn trẻ.\r\n\r\nCác thiết kế tại M3NS Shop đều có tính ứng dụng cao, dễ dàng mix&match nhưng không vì thế mà trở nên nhạt nhòa, luôn có những chi tiết artwork đầy chất \"nghệ\" để bạn trông thật nổi bật, cá tính ở bất cứ nơi đâu. Và đây cũng là cách để làm nên dấu ấn mang tính đặc trưng của M3NS Shop trên thị trường.\r\n\r\nThời trang nói lên cá tính của mỗi người và M3NS Shop cũng không ngoại lệ: \"Khi xây dựng M3NS Shop điều đầu tiên mình nghĩ đến đó chính là khách hàng phải cảm thấy tự tin khi sử dụng sản phẩm thuộc brand của mình. Đó chắc chắn là một điều không thể tách rời. Tính đến thời điểm hiện tại, M3NS Shop là một thương hiệu mà khi khách hàng sử dụng sẽ cảm thấy thoải mái và tự tin với chất lượng sản phẩm, những outfit của M3NS Shop đủ đặc trưng, đủ khác biệt giữa rất nhiều streetwear brand trên thị trường.\" \r\n\r\nĐó là lý do vì sao các item của M3NS Shop được rất nhiều người ưa chuộng với những sáng tạo không ngừng. Những sản phẩm mới sau này với những ứng dụng mới như công nghệ in, chất liệu hiếm, thiết kế độc đáo khi ra mắt đều được các bạn trẻ ủng hộ.\r\n\r\nBên cạnh chất lượng sản phẩm, dịch vụ cũng là một trong những yếu tố quan trọng mà M3NS Shop đặt lên hàng đầu, đội ngũ luôn lắng nghe khách hàng và cố gắng cải thiện mình qua từng ngày, vì hơn ai hết M3NS Shop hiểu rõ chính tình cảm, sự tin tưởng của các bạn là động lực để M3NS Shop phát triển và có chỗ đứng vững chắc như ngày hôm nay.\r\n\r\nTrong tương lai, giữ vững kim chỉ nam từ những ngày đầu thành lập, M3NS Shop sẽ luôn thay đổi mình để phù hợp với thị trường streetwear và cho ra lò những sản phẩm chất lượng cao cùng những thiết kế \"đặc trưng\" với giá cả hợp lý để tất cả các bạn trẻ Việt tự tin diện hàng ngày.','HOT','0',6),(57,'BASIC SUPER SKINNY JEANS',400000,0,'10.jpg','Đây là một trong những phong cách có nhiều sự ảnh hưởng đặc biệt là giới trẻ. Với các gam màu tiêu biểu xám, trắng và đen kèm theo thiết kế có phần bụi bặm đã giúp cho phong cách này có chỗ đứng nhất định trong làng thời trang cũng như có sức ảnh hưởng nhất định với việc ra đời của các thương hiệu thời trang nổi tiếng, và M3NS Shop là một trong những thương hiệu đó.\r\n\r\n\r\nĐược thành lập và chính thức đi vào hoạt động từ năm 2021, với các sản phẩm hướng tới các khách hàng trẻ có độ tuổi từ 14-30, có phong cách năng động, cá tính. Thương hiệu này không chỉ phát triển các sản phẩm quần áo mà còn chú trọng vào nhiều phụ kiện đi kèm như quần áo, backpack, nón…\r\n\r\nKhi mới ra mắt, M3NS Shop gây ấn tượng bởi phong cách streetwear đơn giản và phóng khoáng. Các tín đồ thời trang có thể tự do thể hiện cá tính và tạo nên xu hướng mới. Vẻ \"ngầu\" tự nhiên cùng điểm nhấn trong phong cách streetwear đã giúp cho MENS Shop chiếm được tình cảm của nhiều người, đặc biệt là các bạn trẻ.\r\n\r\nCác thiết kế tại M3NS Shop đều có tính ứng dụng cao, dễ dàng mix&match nhưng không vì thế mà trở nên nhạt nhòa, luôn có những chi tiết artwork đầy chất \"nghệ\" để bạn trông thật nổi bật, cá tính ở bất cứ nơi đâu. Và đây cũng là cách để làm nên dấu ấn mang tính đặc trưng của M3NS Shop trên thị trường.\r\n\r\nThời trang nói lên cá tính của mỗi người và M3NS Shop cũng không ngoại lệ: \"Khi xây dựng M3NS Shop điều đầu tiên mình nghĩ đến đó chính là khách hàng phải cảm thấy tự tin khi sử dụng sản phẩm thuộc brand của mình. Đó chắc chắn là một điều không thể tách rời. Tính đến thời điểm hiện tại, M3NS Shop là một thương hiệu mà khi khách hàng sử dụng sẽ cảm thấy thoải mái và tự tin với chất lượng sản phẩm, những outfit của M3NS Shop đủ đặc trưng, đủ khác biệt giữa rất nhiều streetwear brand trên thị trường.\" \r\n\r\nĐó là lý do vì sao các item của M3NS Shop được rất nhiều người ưa chuộng với những sáng tạo không ngừng. Những sản phẩm mới sau này với những ứng dụng mới như công nghệ in, chất liệu hiếm, thiết kế độc đáo khi ra mắt đều được các bạn trẻ ủng hộ.\r\n\r\nBên cạnh chất lượng sản phẩm, dịch vụ cũng là một trong những yếu tố quan trọng mà M3NS Shop đặt lên hàng đầu, đội ngũ luôn lắng nghe khách hàng và cố gắng cải thiện mình qua từng ngày, vì hơn ai hết M3NS Shop hiểu rõ chính tình cảm, sự tin tưởng của các bạn là động lực để M3NS Shop phát triển và có chỗ đứng vững chắc như ngày hôm nay.\r\n\r\nTrong tương lai, giữ vững kim chỉ nam từ những ngày đầu thành lập, M3NS Shop sẽ luôn thay đổi mình để phù hợp với thị trường streetwear và cho ra lò những sản phẩm chất lượng cao cùng những thiết kế \"đặc trưng\" với giá cả hợp lý để tất cả các bạn trẻ Việt tự tin diện hàng ngày.','NEW','0',6),(58,'RINGO TROUSER PANT',350000,320000,'12.jpg','Đây là một trong những phong cách có nhiều sự ảnh hưởng đặc biệt là giới trẻ. Với các gam màu tiêu biểu xám, trắng và đen kèm theo thiết kế có phần bụi bặm đã giúp cho phong cách này có chỗ đứng nhất định trong làng thời trang cũng như có sức ảnh hưởng nhất định với việc ra đời của các thương hiệu thời trang nổi tiếng, và M3NS Shop là một trong những thương hiệu đó.\r\n\r\n\r\nĐược thành lập và chính thức đi vào hoạt động từ năm 2021, với các sản phẩm hướng tới các khách hàng trẻ có độ tuổi từ 14-30, có phong cách năng động, cá tính. Thương hiệu này không chỉ phát triển các sản phẩm quần áo mà còn chú trọng vào nhiều phụ kiện đi kèm như quần áo, backpack, nón…\r\n\r\nKhi mới ra mắt, M3NS Shop gây ấn tượng bởi phong cách streetwear đơn giản và phóng khoáng. Các tín đồ thời trang có thể tự do thể hiện cá tính và tạo nên xu hướng mới. Vẻ \"ngầu\" tự nhiên cùng điểm nhấn trong phong cách streetwear đã giúp cho MENS Shop chiếm được tình cảm của nhiều người, đặc biệt là các bạn trẻ.\r\n\r\nCác thiết kế tại M3NS Shop đều có tính ứng dụng cao, dễ dàng mix&match nhưng không vì thế mà trở nên nhạt nhòa, luôn có những chi tiết artwork đầy chất \"nghệ\" để bạn trông thật nổi bật, cá tính ở bất cứ nơi đâu. Và đây cũng là cách để làm nên dấu ấn mang tính đặc trưng của M3NS Shop trên thị trường.\r\n\r\nThời trang nói lên cá tính của mỗi người và M3NS Shop cũng không ngoại lệ: \"Khi xây dựng M3NS Shop điều đầu tiên mình nghĩ đến đó chính là khách hàng phải cảm thấy tự tin khi sử dụng sản phẩm thuộc brand của mình. Đó chắc chắn là một điều không thể tách rời. Tính đến thời điểm hiện tại, M3NS Shop là một thương hiệu mà khi khách hàng sử dụng sẽ cảm thấy thoải mái và tự tin với chất lượng sản phẩm, những outfit của M3NS Shop đủ đặc trưng, đủ khác biệt giữa rất nhiều streetwear brand trên thị trường.\" \r\n\r\nĐó là lý do vì sao các item của M3NS Shop được rất nhiều người ưa chuộng với những sáng tạo không ngừng. Những sản phẩm mới sau này với những ứng dụng mới như công nghệ in, chất liệu hiếm, thiết kế độc đáo khi ra mắt đều được các bạn trẻ ủng hộ.\r\n\r\nBên cạnh chất lượng sản phẩm, dịch vụ cũng là một trong những yếu tố quan trọng mà M3NS Shop đặt lên hàng đầu, đội ngũ luôn lắng nghe khách hàng và cố gắng cải thiện mình qua từng ngày, vì hơn ai hết M3NS Shop hiểu rõ chính tình cảm, sự tin tưởng của các bạn là động lực để M3NS Shop phát triển và có chỗ đứng vững chắc như ngày hôm nay.\r\n\r\nTrong tương lai, giữ vững kim chỉ nam từ những ngày đầu thành lập, M3NS Shop sẽ luôn thay đổi mình để phù hợp với thị trường streetwear và cho ra lò những sản phẩm chất lượng cao cùng những thiết kế \"đặc trưng\" với giá cả hợp lý để tất cả các bạn trẻ Việt tự tin diện hàng ngày.','SALE','0',6),(59,'WIDE LEG JEANS',500000,450000,'30.jpg','Đây là một trong những phong cách có nhiều sự ảnh hưởng đặc biệt là giới trẻ. Với các gam màu tiêu biểu xám, trắng và đen kèm theo thiết kế có phần bụi bặm đã giúp cho phong cách này có chỗ đứng nhất định trong làng thời trang cũng như có sức ảnh hưởng nhất định với việc ra đời của các thương hiệu thời trang nổi tiếng, và M3NS Shop là một trong những thương hiệu đó.\r\n\r\n\r\nĐược thành lập và chính thức đi vào hoạt động từ năm 2021, với các sản phẩm hướng tới các khách hàng trẻ có độ tuổi từ 14-30, có phong cách năng động, cá tính. Thương hiệu này không chỉ phát triển các sản phẩm quần áo mà còn chú trọng vào nhiều phụ kiện đi kèm như quần áo, backpack, nón…\r\n\r\nKhi mới ra mắt, M3NS Shop gây ấn tượng bởi phong cách streetwear đơn giản và phóng khoáng. Các tín đồ thời trang có thể tự do thể hiện cá tính và tạo nên xu hướng mới. Vẻ \"ngầu\" tự nhiên cùng điểm nhấn trong phong cách streetwear đã giúp cho MENS Shop chiếm được tình cảm của nhiều người, đặc biệt là các bạn trẻ.\r\n\r\nCác thiết kế tại M3NS Shop đều có tính ứng dụng cao, dễ dàng mix&match nhưng không vì thế mà trở nên nhạt nhòa, luôn có những chi tiết artwork đầy chất \"nghệ\" để bạn trông thật nổi bật, cá tính ở bất cứ nơi đâu. Và đây cũng là cách để làm nên dấu ấn mang tính đặc trưng của M3NS Shop trên thị trường.\r\n\r\nThời trang nói lên cá tính của mỗi người và M3NS Shop cũng không ngoại lệ: \"Khi xây dựng M3NS Shop điều đầu tiên mình nghĩ đến đó chính là khách hàng phải cảm thấy tự tin khi sử dụng sản phẩm thuộc brand của mình. Đó chắc chắn là một điều không thể tách rời. Tính đến thời điểm hiện tại, M3NS Shop là một thương hiệu mà khi khách hàng sử dụng sẽ cảm thấy thoải mái và tự tin với chất lượng sản phẩm, những outfit của M3NS Shop đủ đặc trưng, đủ khác biệt giữa rất nhiều streetwear brand trên thị trường.\" \r\n\r\nĐó là lý do vì sao các item của M3NS Shop được rất nhiều người ưa chuộng với những sáng tạo không ngừng. Những sản phẩm mới sau này với những ứng dụng mới như công nghệ in, chất liệu hiếm, thiết kế độc đáo khi ra mắt đều được các bạn trẻ ủng hộ.\r\n\r\nBên cạnh chất lượng sản phẩm, dịch vụ cũng là một trong những yếu tố quan trọng mà M3NS Shop đặt lên hàng đầu, đội ngũ luôn lắng nghe khách hàng và cố gắng cải thiện mình qua từng ngày, vì hơn ai hết M3NS Shop hiểu rõ chính tình cảm, sự tin tưởng của các bạn là động lực để M3NS Shop phát triển và có chỗ đứng vững chắc như ngày hôm nay.\r\n\r\nTrong tương lai, giữ vững kim chỉ nam từ những ngày đầu thành lập, M3NS Shop sẽ luôn thay đổi mình để phù hợp với thị trường streetwear và cho ra lò những sản phẩm chất lượng cao cùng những thiết kế \"đặc trưng\" với giá cả hợp lý để tất cả các bạn trẻ Việt tự tin diện hàng ngày.','HOT','0',6),(60,'ON DA WAY HOOD',400000,0,'7.jpg','Đây là một trong những phong cách có nhiều sự ảnh hưởng đặc biệt là giới trẻ. Với các gam màu tiêu biểu xám, trắng và đen kèm theo thiết kế có phần bụi bặm đã giúp cho phong cách này có chỗ đứng nhất định trong làng thời trang cũng như có sức ảnh hưởng nhất định với việc ra đời của các thương hiệu thời trang nổi tiếng, và M3NS Shop là một trong những thương hiệu đó.\r\n\r\n\r\nĐược thành lập và chính thức đi vào hoạt động từ năm 2021, với các sản phẩm hướng tới các khách hàng trẻ có độ tuổi từ 14-30, có phong cách năng động, cá tính. Thương hiệu này không chỉ phát triển các sản phẩm quần áo mà còn chú trọng vào nhiều phụ kiện đi kèm như quần áo, backpack, nón…\r\n\r\nKhi mới ra mắt, M3NS Shop gây ấn tượng bởi phong cách streetwear đơn giản và phóng khoáng. Các tín đồ thời trang có thể tự do thể hiện cá tính và tạo nên xu hướng mới. Vẻ \"ngầu\" tự nhiên cùng điểm nhấn trong phong cách streetwear đã giúp cho MENS Shop chiếm được tình cảm của nhiều người, đặc biệt là các bạn trẻ.\r\n\r\nCác thiết kế tại M3NS Shop đều có tính ứng dụng cao, dễ dàng mix&match nhưng không vì thế mà trở nên nhạt nhòa, luôn có những chi tiết artwork đầy chất \"nghệ\" để bạn trông thật nổi bật, cá tính ở bất cứ nơi đâu. Và đây cũng là cách để làm nên dấu ấn mang tính đặc trưng của M3NS Shop trên thị trường.\r\n\r\nThời trang nói lên cá tính của mỗi người và M3NS Shop cũng không ngoại lệ: \"Khi xây dựng M3NS Shop điều đầu tiên mình nghĩ đến đó chính là khách hàng phải cảm thấy tự tin khi sử dụng sản phẩm thuộc brand của mình. Đó chắc chắn là một điều không thể tách rời. Tính đến thời điểm hiện tại, M3NS Shop là một thương hiệu mà khi khách hàng sử dụng sẽ cảm thấy thoải mái và tự tin với chất lượng sản phẩm, những outfit của M3NS Shop đủ đặc trưng, đủ khác biệt giữa rất nhiều streetwear brand trên thị trường.\" \r\n\r\nĐó là lý do vì sao các item của M3NS Shop được rất nhiều người ưa chuộng với những sáng tạo không ngừng. Những sản phẩm mới sau này với những ứng dụng mới như công nghệ in, chất liệu hiếm, thiết kế độc đáo khi ra mắt đều được các bạn trẻ ủng hộ.\r\n\r\nBên cạnh chất lượng sản phẩm, dịch vụ cũng là một trong những yếu tố quan trọng mà M3NS Shop đặt lên hàng đầu, đội ngũ luôn lắng nghe khách hàng và cố gắng cải thiện mình qua từng ngày, vì hơn ai hết M3NS Shop hiểu rõ chính tình cảm, sự tin tưởng của các bạn là động lực để M3NS Shop phát triển và có chỗ đứng vững chắc như ngày hôm nay.\r\n\r\nTrong tương lai, giữ vững kim chỉ nam từ những ngày đầu thành lập, M3NS Shop sẽ luôn thay đổi mình để phù hợp với thị trường streetwear và cho ra lò những sản phẩm chất lượng cao cùng những thiết kế \"đặc trưng\" với giá cả hợp lý để tất cả các bạn trẻ Việt tự tin diện hàng ngày.','NEW','0',7),(61,'GIVEMEMORE HOOD',450000,0,'21.jpg','Đây là một trong những phong cách có nhiều sự ảnh hưởng đặc biệt là giới trẻ. Với các gam màu tiêu biểu xám, trắng và đen kèm theo thiết kế có phần bụi bặm đã giúp cho phong cách này có chỗ đứng nhất định trong làng thời trang cũng như có sức ảnh hưởng nhất định với việc ra đời của các thương hiệu thời trang nổi tiếng, và M3NS Shop là một trong những thương hiệu đó.\r\n\r\n\r\nĐược thành lập và chính thức đi vào hoạt động từ năm 2021, với các sản phẩm hướng tới các khách hàng trẻ có độ tuổi từ 14-30, có phong cách năng động, cá tính. Thương hiệu này không chỉ phát triển các sản phẩm quần áo mà còn chú trọng vào nhiều phụ kiện đi kèm như quần áo, backpack, nón…\r\n\r\nKhi mới ra mắt, M3NS Shop gây ấn tượng bởi phong cách streetwear đơn giản và phóng khoáng. Các tín đồ thời trang có thể tự do thể hiện cá tính và tạo nên xu hướng mới. Vẻ \"ngầu\" tự nhiên cùng điểm nhấn trong phong cách streetwear đã giúp cho MENS Shop chiếm được tình cảm của nhiều người, đặc biệt là các bạn trẻ.\r\n\r\nCác thiết kế tại M3NS Shop đều có tính ứng dụng cao, dễ dàng mix&match nhưng không vì thế mà trở nên nhạt nhòa, luôn có những chi tiết artwork đầy chất \"nghệ\" để bạn trông thật nổi bật, cá tính ở bất cứ nơi đâu. Và đây cũng là cách để làm nên dấu ấn mang tính đặc trưng của M3NS Shop trên thị trường.\r\n\r\nThời trang nói lên cá tính của mỗi người và M3NS Shop cũng không ngoại lệ: \"Khi xây dựng M3NS Shop điều đầu tiên mình nghĩ đến đó chính là khách hàng phải cảm thấy tự tin khi sử dụng sản phẩm thuộc brand của mình. Đó chắc chắn là một điều không thể tách rời. Tính đến thời điểm hiện tại, M3NS Shop là một thương hiệu mà khi khách hàng sử dụng sẽ cảm thấy thoải mái và tự tin với chất lượng sản phẩm, những outfit của M3NS Shop đủ đặc trưng, đủ khác biệt giữa rất nhiều streetwear brand trên thị trường.\" \r\n\r\nĐó là lý do vì sao các item của M3NS Shop được rất nhiều người ưa chuộng với những sáng tạo không ngừng. Những sản phẩm mới sau này với những ứng dụng mới như công nghệ in, chất liệu hiếm, thiết kế độc đáo khi ra mắt đều được các bạn trẻ ủng hộ.\r\n\r\nBên cạnh chất lượng sản phẩm, dịch vụ cũng là một trong những yếu tố quan trọng mà M3NS Shop đặt lên hàng đầu, đội ngũ luôn lắng nghe khách hàng và cố gắng cải thiện mình qua từng ngày, vì hơn ai hết M3NS Shop hiểu rõ chính tình cảm, sự tin tưởng của các bạn là động lực để M3NS Shop phát triển và có chỗ đứng vững chắc như ngày hôm nay.\r\n\r\nTrong tương lai, giữ vững kim chỉ nam từ những ngày đầu thành lập, M3NS Shop sẽ luôn thay đổi mình để phù hợp với thị trường streetwear và cho ra lò những sản phẩm chất lượng cao cùng những thiết kế \"đặc trưng\" với giá cả hợp lý để tất cả các bạn trẻ Việt tự tin diện hàng ngày.','NEW','0',7),(62,'SUPERVILLAIN HOOD',400000,370000,'22.jpg','Đây là một trong những phong cách có nhiều sự ảnh hưởng đặc biệt là giới trẻ. Với các gam màu tiêu biểu xám, trắng và đen kèm theo thiết kế có phần bụi bặm đã giúp cho phong cách này có chỗ đứng nhất định trong làng thời trang cũng như có sức ảnh hưởng nhất định với việc ra đời của các thương hiệu thời trang nổi tiếng, và M3NS Shop là một trong những thương hiệu đó.\r\n\r\n\r\nĐược thành lập và chính thức đi vào hoạt động từ năm 2021, với các sản phẩm hướng tới các khách hàng trẻ có độ tuổi từ 14-30, có phong cách năng động, cá tính. Thương hiệu này không chỉ phát triển các sản phẩm quần áo mà còn chú trọng vào nhiều phụ kiện đi kèm như quần áo, backpack, nón…\r\n\r\nKhi mới ra mắt, M3NS Shop gây ấn tượng bởi phong cách streetwear đơn giản và phóng khoáng. Các tín đồ thời trang có thể tự do thể hiện cá tính và tạo nên xu hướng mới. Vẻ \"ngầu\" tự nhiên cùng điểm nhấn trong phong cách streetwear đã giúp cho MENS Shop chiếm được tình cảm của nhiều người, đặc biệt là các bạn trẻ.\r\n\r\nCác thiết kế tại M3NS Shop đều có tính ứng dụng cao, dễ dàng mix&match nhưng không vì thế mà trở nên nhạt nhòa, luôn có những chi tiết artwork đầy chất \"nghệ\" để bạn trông thật nổi bật, cá tính ở bất cứ nơi đâu. Và đây cũng là cách để làm nên dấu ấn mang tính đặc trưng của M3NS Shop trên thị trường.\r\n\r\nThời trang nói lên cá tính của mỗi người và M3NS Shop cũng không ngoại lệ: \"Khi xây dựng M3NS Shop điều đầu tiên mình nghĩ đến đó chính là khách hàng phải cảm thấy tự tin khi sử dụng sản phẩm thuộc brand của mình. Đó chắc chắn là một điều không thể tách rời. Tính đến thời điểm hiện tại, M3NS Shop là một thương hiệu mà khi khách hàng sử dụng sẽ cảm thấy thoải mái và tự tin với chất lượng sản phẩm, những outfit của M3NS Shop đủ đặc trưng, đủ khác biệt giữa rất nhiều streetwear brand trên thị trường.\" \r\n\r\nĐó là lý do vì sao các item của M3NS Shop được rất nhiều người ưa chuộng với những sáng tạo không ngừng. Những sản phẩm mới sau này với những ứng dụng mới như công nghệ in, chất liệu hiếm, thiết kế độc đáo khi ra mắt đều được các bạn trẻ ủng hộ.\r\n\r\nBên cạnh chất lượng sản phẩm, dịch vụ cũng là một trong những yếu tố quan trọng mà M3NS Shop đặt lên hàng đầu, đội ngũ luôn lắng nghe khách hàng và cố gắng cải thiện mình qua từng ngày, vì hơn ai hết M3NS Shop hiểu rõ chính tình cảm, sự tin tưởng của các bạn là động lực để M3NS Shop phát triển và có chỗ đứng vững chắc như ngày hôm nay.\r\n\r\nTrong tương lai, giữ vững kim chỉ nam từ những ngày đầu thành lập, M3NS Shop sẽ luôn thay đổi mình để phù hợp với thị trường streetwear và cho ra lò những sản phẩm chất lượng cao cùng những thiết kế \"đặc trưng\" với giá cả hợp lý để tất cả các bạn trẻ Việt tự tin diện hàng ngày.','SALE','0',7),(63,'TIE-DYE SWEATSHIRT BASIC',400000,0,'28.jpg','Đây là một trong những phong cách có nhiều sự ảnh hưởng đặc biệt là giới trẻ. Với các gam màu tiêu biểu xám, trắng và đen kèm theo thiết kế có phần bụi bặm đã giúp cho phong cách này có chỗ đứng nhất định trong làng thời trang cũng như có sức ảnh hưởng nhất định với việc ra đời của các thương hiệu thời trang nổi tiếng, và M3NS Shop là một trong những thương hiệu đó.\r\n\r\n\r\nĐược thành lập và chính thức đi vào hoạt động từ năm 2021, với các sản phẩm hướng tới các khách hàng trẻ có độ tuổi từ 14-30, có phong cách năng động, cá tính. Thương hiệu này không chỉ phát triển các sản phẩm quần áo mà còn chú trọng vào nhiều phụ kiện đi kèm như quần áo, backpack, nón…\r\n\r\nKhi mới ra mắt, M3NS Shop gây ấn tượng bởi phong cách streetwear đơn giản và phóng khoáng. Các tín đồ thời trang có thể tự do thể hiện cá tính và tạo nên xu hướng mới. Vẻ \"ngầu\" tự nhiên cùng điểm nhấn trong phong cách streetwear đã giúp cho MENS Shop chiếm được tình cảm của nhiều người, đặc biệt là các bạn trẻ.\r\n\r\nCác thiết kế tại M3NS Shop đều có tính ứng dụng cao, dễ dàng mix&match nhưng không vì thế mà trở nên nhạt nhòa, luôn có những chi tiết artwork đầy chất \"nghệ\" để bạn trông thật nổi bật, cá tính ở bất cứ nơi đâu. Và đây cũng là cách để làm nên dấu ấn mang tính đặc trưng của M3NS Shop trên thị trường.\r\n\r\nThời trang nói lên cá tính của mỗi người và M3NS Shop cũng không ngoại lệ: \"Khi xây dựng M3NS Shop điều đầu tiên mình nghĩ đến đó chính là khách hàng phải cảm thấy tự tin khi sử dụng sản phẩm thuộc brand của mình. Đó chắc chắn là một điều không thể tách rời. Tính đến thời điểm hiện tại, M3NS Shop là một thương hiệu mà khi khách hàng sử dụng sẽ cảm thấy thoải mái và tự tin với chất lượng sản phẩm, những outfit của M3NS Shop đủ đặc trưng, đủ khác biệt giữa rất nhiều streetwear brand trên thị trường.\" \r\n\r\nĐó là lý do vì sao các item của M3NS Shop được rất nhiều người ưa chuộng với những sáng tạo không ngừng. Những sản phẩm mới sau này với những ứng dụng mới như công nghệ in, chất liệu hiếm, thiết kế độc đáo khi ra mắt đều được các bạn trẻ ủng hộ.\r\n\r\nBên cạnh chất lượng sản phẩm, dịch vụ cũng là một trong những yếu tố quan trọng mà M3NS Shop đặt lên hàng đầu, đội ngũ luôn lắng nghe khách hàng và cố gắng cải thiện mình qua từng ngày, vì hơn ai hết M3NS Shop hiểu rõ chính tình cảm, sự tin tưởng của các bạn là động lực để M3NS Shop phát triển và có chỗ đứng vững chắc như ngày hôm nay.\r\n\r\nTrong tương lai, giữ vững kim chỉ nam từ những ngày đầu thành lập, M3NS Shop sẽ luôn thay đổi mình để phù hợp với thị trường streetwear và cho ra lò những sản phẩm chất lượng cao cùng những thiết kế \"đặc trưng\" với giá cả hợp lý để tất cả các bạn trẻ Việt tự tin diện hàng ngày.','NEW','0',7),(64,'VGS LOGO BASEBALL JACKET',600000,550000,'17.jpg','Đây là một trong những phong cách có nhiều sự ảnh hưởng đặc biệt là giới trẻ. Với các gam màu tiêu biểu xám, trắng và đen kèm theo thiết kế có phần bụi bặm đã giúp cho phong cách này có chỗ đứng nhất định trong làng thời trang cũng như có sức ảnh hưởng nhất định với việc ra đời của các thương hiệu thời trang nổi tiếng, và M3NS Shop là một trong những thương hiệu đó.\r\n\r\n\r\nĐược thành lập và chính thức đi vào hoạt động từ năm 2021, với các sản phẩm hướng tới các khách hàng trẻ có độ tuổi từ 14-30, có phong cách năng động, cá tính. Thương hiệu này không chỉ phát triển các sản phẩm quần áo mà còn chú trọng vào nhiều phụ kiện đi kèm như quần áo, backpack, nón…\r\n\r\nKhi mới ra mắt, M3NS Shop gây ấn tượng bởi phong cách streetwear đơn giản và phóng khoáng. Các tín đồ thời trang có thể tự do thể hiện cá tính và tạo nên xu hướng mới. Vẻ \"ngầu\" tự nhiên cùng điểm nhấn trong phong cách streetwear đã giúp cho MENS Shop chiếm được tình cảm của nhiều người, đặc biệt là các bạn trẻ.\r\n\r\nCác thiết kế tại M3NS Shop đều có tính ứng dụng cao, dễ dàng mix&match nhưng không vì thế mà trở nên nhạt nhòa, luôn có những chi tiết artwork đầy chất \"nghệ\" để bạn trông thật nổi bật, cá tính ở bất cứ nơi đâu. Và đây cũng là cách để làm nên dấu ấn mang tính đặc trưng của M3NS Shop trên thị trường.\r\n\r\nThời trang nói lên cá tính của mỗi người và M3NS Shop cũng không ngoại lệ: \"Khi xây dựng M3NS Shop điều đầu tiên mình nghĩ đến đó chính là khách hàng phải cảm thấy tự tin khi sử dụng sản phẩm thuộc brand của mình. Đó chắc chắn là một điều không thể tách rời. Tính đến thời điểm hiện tại, M3NS Shop là một thương hiệu mà khi khách hàng sử dụng sẽ cảm thấy thoải mái và tự tin với chất lượng sản phẩm, những outfit của M3NS Shop đủ đặc trưng, đủ khác biệt giữa rất nhiều streetwear brand trên thị trường.\" \r\n\r\nĐó là lý do vì sao các item của M3NS Shop được rất nhiều người ưa chuộng với những sáng tạo không ngừng. Những sản phẩm mới sau này với những ứng dụng mới như công nghệ in, chất liệu hiếm, thiết kế độc đáo khi ra mắt đều được các bạn trẻ ủng hộ.\r\n\r\nBên cạnh chất lượng sản phẩm, dịch vụ cũng là một trong những yếu tố quan trọng mà M3NS Shop đặt lên hàng đầu, đội ngũ luôn lắng nghe khách hàng và cố gắng cải thiện mình qua từng ngày, vì hơn ai hết M3NS Shop hiểu rõ chính tình cảm, sự tin tưởng của các bạn là động lực để M3NS Shop phát triển và có chỗ đứng vững chắc như ngày hôm nay.\r\n\r\nTrong tương lai, giữ vững kim chỉ nam từ những ngày đầu thành lập, M3NS Shop sẽ luôn thay đổi mình để phù hợp với thị trường streetwear và cho ra lò những sản phẩm chất lượng cao cùng những thiết kế \"đặc trưng\" với giá cả hợp lý để tất cả các bạn trẻ Việt tự tin diện hàng ngày.','SALE','0',7),(65,'LOGO SS/21 JACKET',400000,0,'18.jpg','Đây là một trong những phong cách có nhiều sự ảnh hưởng đặc biệt là giới trẻ. Với các gam màu tiêu biểu xám, trắng và đen kèm theo thiết kế có phần bụi bặm đã giúp cho phong cách này có chỗ đứng nhất định trong làng thời trang cũng như có sức ảnh hưởng nhất định với việc ra đời của các thương hiệu thời trang nổi tiếng, và M3NS Shop là một trong những thương hiệu đó.\r\n\r\n\r\nĐược thành lập và chính thức đi vào hoạt động từ năm 2021, với các sản phẩm hướng tới các khách hàng trẻ có độ tuổi từ 14-30, có phong cách năng động, cá tính. Thương hiệu này không chỉ phát triển các sản phẩm quần áo mà còn chú trọng vào nhiều phụ kiện đi kèm như quần áo, backpack, nón…\r\n\r\nKhi mới ra mắt, M3NS Shop gây ấn tượng bởi phong cách streetwear đơn giản và phóng khoáng. Các tín đồ thời trang có thể tự do thể hiện cá tính và tạo nên xu hướng mới. Vẻ \"ngầu\" tự nhiên cùng điểm nhấn trong phong cách streetwear đã giúp cho MENS Shop chiếm được tình cảm của nhiều người, đặc biệt là các bạn trẻ.\r\n\r\nCác thiết kế tại M3NS Shop đều có tính ứng dụng cao, dễ dàng mix&match nhưng không vì thế mà trở nên nhạt nhòa, luôn có những chi tiết artwork đầy chất \"nghệ\" để bạn trông thật nổi bật, cá tính ở bất cứ nơi đâu. Và đây cũng là cách để làm nên dấu ấn mang tính đặc trưng của M3NS Shop trên thị trường.\r\n\r\nThời trang nói lên cá tính của mỗi người và M3NS Shop cũng không ngoại lệ: \"Khi xây dựng M3NS Shop điều đầu tiên mình nghĩ đến đó chính là khách hàng phải cảm thấy tự tin khi sử dụng sản phẩm thuộc brand của mình. Đó chắc chắn là một điều không thể tách rời. Tính đến thời điểm hiện tại, M3NS Shop là một thương hiệu mà khi khách hàng sử dụng sẽ cảm thấy thoải mái và tự tin với chất lượng sản phẩm, những outfit của M3NS Shop đủ đặc trưng, đủ khác biệt giữa rất nhiều streetwear brand trên thị trường.\" \r\n\r\nĐó là lý do vì sao các item của M3NS Shop được rất nhiều người ưa chuộng với những sáng tạo không ngừng. Những sản phẩm mới sau này với những ứng dụng mới như công nghệ in, chất liệu hiếm, thiết kế độc đáo khi ra mắt đều được các bạn trẻ ủng hộ.\r\n\r\nBên cạnh chất lượng sản phẩm, dịch vụ cũng là một trong những yếu tố quan trọng mà M3NS Shop đặt lên hàng đầu, đội ngũ luôn lắng nghe khách hàng và cố gắng cải thiện mình qua từng ngày, vì hơn ai hết M3NS Shop hiểu rõ chính tình cảm, sự tin tưởng của các bạn là động lực để M3NS Shop phát triển và có chỗ đứng vững chắc như ngày hôm nay.\r\n\r\nTrong tương lai, giữ vững kim chỉ nam từ những ngày đầu thành lập, M3NS Shop sẽ luôn thay đổi mình để phù hợp với thị trường streetwear và cho ra lò những sản phẩm chất lượng cao cùng những thiết kế \"đặc trưng\" với giá cả hợp lý để tất cả các bạn trẻ Việt tự tin diện hàng ngày.','NEW','0',7),(66,'Coach Basic',270000,250000,'19.jpg','Đây là một trong những phong cách có nhiều sự ảnh hưởng đặc biệt là giới trẻ. Với các gam màu tiêu biểu xám, trắng và đen kèm theo thiết kế có phần bụi bặm đã giúp cho phong cách này có chỗ đứng nhất định trong làng thời trang cũng như có sức ảnh hưởng nhất định với việc ra đời của các thương hiệu thời trang nổi tiếng, và M3NS Shop là một trong những thương hiệu đó.\r\n\r\n\r\nĐược thành lập và chính thức đi vào hoạt động từ năm 2021, với các sản phẩm hướng tới các khách hàng trẻ có độ tuổi từ 14-30, có phong cách năng động, cá tính. Thương hiệu này không chỉ phát triển các sản phẩm quần áo mà còn chú trọng vào nhiều phụ kiện đi kèm như quần áo, backpack, nón…\r\n\r\nKhi mới ra mắt, M3NS Shop gây ấn tượng bởi phong cách streetwear đơn giản và phóng khoáng. Các tín đồ thời trang có thể tự do thể hiện cá tính và tạo nên xu hướng mới. Vẻ \"ngầu\" tự nhiên cùng điểm nhấn trong phong cách streetwear đã giúp cho MENS Shop chiếm được tình cảm của nhiều người, đặc biệt là các bạn trẻ.\r\n\r\nCác thiết kế tại M3NS Shop đều có tính ứng dụng cao, dễ dàng mix&match nhưng không vì thế mà trở nên nhạt nhòa, luôn có những chi tiết artwork đầy chất \"nghệ\" để bạn trông thật nổi bật, cá tính ở bất cứ nơi đâu. Và đây cũng là cách để làm nên dấu ấn mang tính đặc trưng của M3NS Shop trên thị trường.\r\n\r\nThời trang nói lên cá tính của mỗi người và M3NS Shop cũng không ngoại lệ: \"Khi xây dựng M3NS Shop điều đầu tiên mình nghĩ đến đó chính là khách hàng phải cảm thấy tự tin khi sử dụng sản phẩm thuộc brand của mình. Đó chắc chắn là một điều không thể tách rời. Tính đến thời điểm hiện tại, M3NS Shop là một thương hiệu mà khi khách hàng sử dụng sẽ cảm thấy thoải mái và tự tin với chất lượng sản phẩm, những outfit của M3NS Shop đủ đặc trưng, đủ khác biệt giữa rất nhiều streetwear brand trên thị trường.\" \r\n\r\nĐó là lý do vì sao các item của M3NS Shop được rất nhiều người ưa chuộng với những sáng tạo không ngừng. Những sản phẩm mới sau này với những ứng dụng mới như công nghệ in, chất liệu hiếm, thiết kế độc đáo khi ra mắt đều được các bạn trẻ ủng hộ.\r\n\r\nBên cạnh chất lượng sản phẩm, dịch vụ cũng là một trong những yếu tố quan trọng mà M3NS Shop đặt lên hàng đầu, đội ngũ luôn lắng nghe khách hàng và cố gắng cải thiện mình qua từng ngày, vì hơn ai hết M3NS Shop hiểu rõ chính tình cảm, sự tin tưởng của các bạn là động lực để M3NS Shop phát triển và có chỗ đứng vững chắc như ngày hôm nay.\r\n\r\nTrong tương lai, giữ vững kim chỉ nam từ những ngày đầu thành lập, M3NS Shop sẽ luôn thay đổi mình để phù hợp với thị trường streetwear và cho ra lò những sản phẩm chất lượng cao cùng những thiết kế \"đặc trưng\" với giá cả hợp lý để tất cả các bạn trẻ Việt tự tin diện hàng ngày.','SALE','0',7),(67,'ESSENTIAL REF JACKET',450000,0,'20.jpg','Đây là một trong những phong cách có nhiều sự ảnh hưởng đặc biệt là giới trẻ. Với các gam màu tiêu biểu xám, trắng và đen kèm theo thiết kế có phần bụi bặm đã giúp cho phong cách này có chỗ đứng nhất định trong làng thời trang cũng như có sức ảnh hưởng nhất định với việc ra đời của các thương hiệu thời trang nổi tiếng, và M3NS Shop là một trong những thương hiệu đó.\r\n\r\n\r\nĐược thành lập và chính thức đi vào hoạt động từ năm 2021, với các sản phẩm hướng tới các khách hàng trẻ có độ tuổi từ 14-30, có phong cách năng động, cá tính. Thương hiệu này không chỉ phát triển các sản phẩm quần áo mà còn chú trọng vào nhiều phụ kiện đi kèm như quần áo, backpack, nón…\r\n\r\nKhi mới ra mắt, M3NS Shop gây ấn tượng bởi phong cách streetwear đơn giản và phóng khoáng. Các tín đồ thời trang có thể tự do thể hiện cá tính và tạo nên xu hướng mới. Vẻ \"ngầu\" tự nhiên cùng điểm nhấn trong phong cách streetwear đã giúp cho MENS Shop chiếm được tình cảm của nhiều người, đặc biệt là các bạn trẻ.\r\n\r\nCác thiết kế tại M3NS Shop đều có tính ứng dụng cao, dễ dàng mix&match nhưng không vì thế mà trở nên nhạt nhòa, luôn có những chi tiết artwork đầy chất \"nghệ\" để bạn trông thật nổi bật, cá tính ở bất cứ nơi đâu. Và đây cũng là cách để làm nên dấu ấn mang tính đặc trưng của M3NS Shop trên thị trường.\r\n\r\nThời trang nói lên cá tính của mỗi người và M3NS Shop cũng không ngoại lệ: \"Khi xây dựng M3NS Shop điều đầu tiên mình nghĩ đến đó chính là khách hàng phải cảm thấy tự tin khi sử dụng sản phẩm thuộc brand của mình. Đó chắc chắn là một điều không thể tách rời. Tính đến thời điểm hiện tại, M3NS Shop là một thương hiệu mà khi khách hàng sử dụng sẽ cảm thấy thoải mái và tự tin với chất lượng sản phẩm, những outfit của M3NS Shop đủ đặc trưng, đủ khác biệt giữa rất nhiều streetwear brand trên thị trường.\" \r\n\r\nĐó là lý do vì sao các item của M3NS Shop được rất nhiều người ưa chuộng với những sáng tạo không ngừng. Những sản phẩm mới sau này với những ứng dụng mới như công nghệ in, chất liệu hiếm, thiết kế độc đáo khi ra mắt đều được các bạn trẻ ủng hộ.\r\n\r\nBên cạnh chất lượng sản phẩm, dịch vụ cũng là một trong những yếu tố quan trọng mà M3NS Shop đặt lên hàng đầu, đội ngũ luôn lắng nghe khách hàng và cố gắng cải thiện mình qua từng ngày, vì hơn ai hết M3NS Shop hiểu rõ chính tình cảm, sự tin tưởng của các bạn là động lực để M3NS Shop phát triển và có chỗ đứng vững chắc như ngày hôm nay.\r\n\r\nTrong tương lai, giữ vững kim chỉ nam từ những ngày đầu thành lập, M3NS Shop sẽ luôn thay đổi mình để phù hợp với thị trường streetwear và cho ra lò những sản phẩm chất lượng cao cùng những thiết kế \"đặc trưng\" với giá cả hợp lý để tất cả các bạn trẻ Việt tự tin diện hàng ngày.','NEW','0',7);
/*!40000 ALTER TABLE `product` ENABLE KEYS */;
UNLOCK TABLES;

--
-- Table structure for table `user`
--

DROP TABLE IF EXISTS `user`;
/*!40101 SET @saved_cs_client     = @@character_set_client */;
/*!50503 SET character_set_client = utf8mb4 */;
CREATE TABLE `user` (
  `id` int NOT NULL AUTO_INCREMENT,
  `fullname` varchar(100) NOT NULL,
  `username` varchar(100) NOT NULL,
  `password` varchar(1000) NOT NULL,
  `phone` varchar(45) NOT NULL,
  `email` varchar(100) NOT NULL,
  `status` varchar(100) DEFAULT 'ENABLE',
  PRIMARY KEY (`id`)
) ENGINE=InnoDB AUTO_INCREMENT=4 DEFAULT CHARSET=utf8mb4 COLLATE=utf8mb4_0900_ai_ci;
/*!40101 SET character_set_client = @saved_cs_client */;

--
-- Dumping data for table `user`
--

LOCK TABLES `user` WRITE;
/*!40000 ALTER TABLE `user` DISABLE KEYS */;
INSERT INTO `user` VALUES (1,'Đặng Nhật An','an','123','1234','an@gmail.com','ENABLE'),(2,'Nguyễn Văn Nhơn','abc','321','555548','y@mail.cf','DISABLE'),(3,'Huỳnh Thanh Trang','an18','1234','0834747480','dangnhatan181@gmail.com','ENABLE');
/*!40000 ALTER TABLE `user` ENABLE KEYS */;
UNLOCK TABLES;
/*!40103 SET TIME_ZONE=@OLD_TIME_ZONE */;

/*!40101 SET SQL_MODE=@OLD_SQL_MODE */;
/*!40014 SET FOREIGN_KEY_CHECKS=@OLD_FOREIGN_KEY_CHECKS */;
/*!40014 SET UNIQUE_CHECKS=@OLD_UNIQUE_CHECKS */;
/*!40101 SET CHARACTER_SET_CLIENT=@OLD_CHARACTER_SET_CLIENT */;
/*!40101 SET CHARACTER_SET_RESULTS=@OLD_CHARACTER_SET_RESULTS */;
/*!40101 SET COLLATION_CONNECTION=@OLD_COLLATION_CONNECTION */;
/*!40111 SET SQL_NOTES=@OLD_SQL_NOTES */;

-- Dump completed on 2021-06-23  1:52:08
